State Code,State Name,Language,Total
0.0,INDIA,ASSAMESE,15311351.0
0.0,INDIA,BENGALI ,97237669.0
0.0,INDIA,BODO ,1482929.0
0.0,INDIA,DOGRI ,2596767.0
0.0,INDIA,GUJARATI,55492554.0
0.0,INDIA,HINDI ,528347193.0
0.0,INDIA,KANNADA,43706512.0
0.0,INDIA,KASHMIRI ,6797587.0
0.0,INDIA,KONKANI,2256502.0
0.0,INDIA,MAITHILI ,13583464.0
0.0,INDIA,MALAYALAM,34838819.0
0.0,INDIA,MANIPURI ,1761079.0
0.0,INDIA,MARATHI ,83026680.0
0.0,INDIA,NEPALI ,2926168.0
0.0,INDIA,ODIA ,37521324.0
0.0,INDIA,PUNJABI ,33124726.0
0.0,INDIA,SANSKRIT ,24821.0
0.0,INDIA,SANTALI ,7368192.0
0.0,INDIA,SINDHI,2772264.0
0.0,INDIA,TAMIL ,69026881.0
0.0,INDIA,TELUGU ,81127740.0
0.0,INDIA,URDU,50772631.0
0.0,INDIA,ADI ,248834.0
0.0,INDIA,AFGHANI/KABULI/PASHTO ,21677.0
0.0,INDIA,ANAL ,27217.0
0.0,INDIA,ANGAMI ,152796.0
0.0,INDIA,AO ,260008.0
0.0,INDIA,ARABIC/ARBI ,54947.0
0.0,INDIA,BALTI ,13774.0
0.0,INDIA,BHILI/BHILODI ,10413637.0
0.0,INDIA,BHOTIA ,229954.0
0.0,INDIA,BHUMIJ ,27506.0
0.0,INDIA,BISHNUPURIYA,79646.0
0.0,INDIA,CHAKHESANG ,19846.0
0.0,INDIA,CHAKRU/CHOKRI ,91216.0
0.0,INDIA,CHANG ,66852.0
0.0,INDIA,COORGI/KODAGU ,113857.0
0.0,INDIA,DEORI ,32376.0
0.0,INDIA,DIMASA ,137184.0
0.0,INDIA,ENGLISH ,259678.0
0.0,INDIA,GADABA ,40976.0
0.0,INDIA,GANGTE ,16542.0
0.0,INDIA,GARO ,1145323.0
0.0,INDIA,GONDI,2984453.0
0.0,INDIA,HALABI,766297.0
0.0,INDIA,HALAM ,38915.0
0.0,INDIA,HMAR,98988.0
0.0,INDIA,HO,1421418.0
0.0,INDIA,JATAPU ,20028.0
0.0,INDIA,JUANG ,30378.0
0.0,INDIA,KABUI ,122931.0
0.0,INDIA,KARBI/MIKIR ,528503.0
0.0,INDIA,KHANDESHI,1860236.0
0.0,INDIA,KHARIA ,297614.0
0.0,INDIA,KHASI ,1431344.0
0.0,INDIA,KHEZHA ,41625.0
0.0,INDIA,KHIEMNUNGAN,61983.0
0.0,INDIA,KHOND/KONDH ,155548.0
0.0,INDIA,KINNAURI ,83561.0
0.0,INDIA,KISAN ,206100.0
0.0,INDIA,KOCH ,36434.0
0.0,INDIA,KODA/KORA ,47268.0
0.0,INDIA,KOLAMI ,128451.0
0.0,INDIA,KOM,15108.0
0.0,INDIA,KONDA,60699.0
0.0,INDIA,KONYAK ,244477.0
0.0,INDIA,KORKU ,727133.0
0.0,INDIA,KORWA ,28453.0
0.0,INDIA,KOYA ,407423.0
0.0,INDIA,KUI ,941488.0
0.0,INDIA,KUKI,83968.0
0.0,INDIA,KURUKH/ORAON ,1988350.0
0.0,INDIA,LADAKHI ,14952.0
0.0,INDIA,LAHAULI ,11574.0
0.0,INDIA,LAHNDA ,108791.0
0.0,INDIA,LAKHER,42429.0
0.0,INDIA,LALUNG ,33921.0
0.0,INDIA,LEPCHA ,47331.0
0.0,INDIA,LIANGMEI ,49811.0
0.0,INDIA,LIMBU ,40835.0
0.0,INDIA,LOTHA ,179467.0
0.0,INDIA,LUSHAI/MIZO ,830846.0
0.0,INDIA,MALTO ,234991.0
0.0,INDIA,MAO,240205.0
0.0,INDIA,MARAM,32460.0
0.0,INDIA,MARING ,25814.0
0.0,INDIA,MIRI/MISHING,629954.0
0.0,INDIA,MISHMI ,44100.0
0.0,INDIA,MOGH ,36665.0
0.0,INDIA,MONPA ,13703.0
0.0,INDIA,MUNDA,505922.0
0.0,INDIA,MUNDARI ,1128228.0
0.0,INDIA,NICOBARESE ,29099.0
0.0,INDIA,NISSI/DAFLA ,406532.0
0.0,INDIA,NOCTE ,30839.0
0.0,INDIA,PAITE,79507.0
0.0,INDIA,PARJI ,52349.0
0.0,INDIA,PAWI ,28639.0
0.0,INDIA,PHOM ,54416.0
0.0,INDIA,POCHURY,21654.0
0.0,INDIA,RABHA ,139986.0
0.0,INDIA,RAI ,15644.0
0.0,INDIA,RENGMA ,65328.0
0.0,INDIA,SANGTAM ,76000.0
0.0,INDIA,SAVARA,409549.0
0.0,INDIA,SEMA,10802.0
0.0,INDIA,SHERPA ,16012.0
0.0,INDIA,SHINA,32247.0
0.0,INDIA,TAMANG ,20154.0
0.0,INDIA,TANGKHUL ,187276.0
0.0,INDIA,TANGSA,38624.0
0.0,INDIA,THADO ,229340.0
0.0,INDIA,TIBETAN ,182685.0
0.0,INDIA,TRIPURI ,1011294.0
0.0,INDIA,TULU ,1846427.0
0.0,INDIA,VAIPHEI ,42748.0
0.0,INDIA,WANCHO,59154.0
0.0,INDIA,YIMCHUNGRE,83259.0
0.0,INDIA,ZELIANG ,63529.0
0.0,INDIA,ZEMI ,50925.0
0.0,INDIA,ZOU ,26545.0
0.0,INDIA,OTHERS,1875542.0
1.0,JAMMU & KASHMIR,ASSAMESE,8340.0
1.0,JAMMU & KASHMIR,BENGALI ,19830.0
1.0,JAMMU & KASHMIR,BODO ,508.0
1.0,JAMMU & KASHMIR,DOGRI ,2513712.0
1.0,JAMMU & KASHMIR,GUJARATI,19261.0
1.0,JAMMU & KASHMIR,HINDI ,2612631.0
1.0,JAMMU & KASHMIR,KANNADA,6953.0
1.0,JAMMU & KASHMIR,KASHMIRI ,6680837.0
1.0,JAMMU & KASHMIR,KONKANI,79.0
1.0,JAMMU & KASHMIR,MAITHILI ,897.0
1.0,JAMMU & KASHMIR,MALAYALAM,11248.0
1.0,JAMMU & KASHMIR,MANIPURI ,2370.0
1.0,JAMMU & KASHMIR,MARATHI ,23006.0
1.0,JAMMU & KASHMIR,NEPALI ,22138.0
1.0,JAMMU & KASHMIR,ODIA ,9553.0
1.0,JAMMU & KASHMIR,PUNJABI ,219193.0
1.0,JAMMU & KASHMIR,SANSKRIT ,30.0
1.0,JAMMU & KASHMIR,SANTALI ,225.0
1.0,JAMMU & KASHMIR,SINDHI,19.0
1.0,JAMMU & KASHMIR,TAMIL ,14728.0
1.0,JAMMU & KASHMIR,TELUGU ,13970.0
1.0,JAMMU & KASHMIR,URDU,19956.0
1.0,JAMMU & KASHMIR,ADI ,16.0
1.0,JAMMU & KASHMIR,AFGHANI/KABULI/PASHTO ,17942.0
1.0,JAMMU & KASHMIR,ANAL ,17.0
1.0,JAMMU & KASHMIR,AO ,23.0
1.0,JAMMU & KASHMIR,ARABIC/ARBI ,181.0
1.0,JAMMU & KASHMIR,BALTI ,12399.0
1.0,JAMMU & KASHMIR,BHILI/BHILODI ,988.0
1.0,JAMMU & KASHMIR,BHOTIA ,107451.0
1.0,JAMMU & KASHMIR,BHUMIJ ,1.0
1.0,JAMMU & KASHMIR,BISHNUPURIYA,17.0
1.0,JAMMU & KASHMIR,CHAKHESANG ,1.0
1.0,JAMMU & KASHMIR,CHANG ,1.0
1.0,JAMMU & KASHMIR,COORGI/KODAGU ,10.0
1.0,JAMMU & KASHMIR,DEORI ,1.0
1.0,JAMMU & KASHMIR,DIMASA ,4.0
1.0,JAMMU & KASHMIR,ENGLISH ,967.0
1.0,JAMMU & KASHMIR,GANGTE ,24.0
1.0,JAMMU & KASHMIR,GARO ,46.0
1.0,JAMMU & KASHMIR,GONDI,167.0
1.0,JAMMU & KASHMIR,HALAM ,8.0
1.0,JAMMU & KASHMIR,HMAR,24.0
1.0,JAMMU & KASHMIR,HO,28.0
1.0,JAMMU & KASHMIR,KABUI ,12.0
1.0,JAMMU & KASHMIR,KARBI/MIKIR ,6.0
1.0,JAMMU & KASHMIR,KHANDESHI,34862.0
1.0,JAMMU & KASHMIR,KHARIA ,14.0
1.0,JAMMU & KASHMIR,KHASI ,1350.0
1.0,JAMMU & KASHMIR,KHEZHA ,18.0
1.0,JAMMU & KASHMIR,KHIEMNUNGAN,6.0
1.0,JAMMU & KASHMIR,KINNAURI ,237.0
1.0,JAMMU & KASHMIR,KISAN ,1.0
1.0,JAMMU & KASHMIR,KODA/KORA ,1.0
1.0,JAMMU & KASHMIR,KOM,11.0
1.0,JAMMU & KASHMIR,KONDA,7.0
1.0,JAMMU & KASHMIR,KONYAK ,4.0
1.0,JAMMU & KASHMIR,KORKU ,3.0
1.0,JAMMU & KASHMIR,KUKI,242.0
1.0,JAMMU & KASHMIR,KURUKH/ORAON ,321.0
1.0,JAMMU & KASHMIR,LADAKHI ,7638.0
1.0,JAMMU & KASHMIR,LAHAULI ,7.0
1.0,JAMMU & KASHMIR,LAHNDA ,6102.0
1.0,JAMMU & KASHMIR,LAKHER,6.0
1.0,JAMMU & KASHMIR,LEPCHA ,2.0
1.0,JAMMU & KASHMIR,LIANGMEI ,1.0
1.0,JAMMU & KASHMIR,LOTHA ,29.0
1.0,JAMMU & KASHMIR,LUSHAI/MIZO ,521.0
1.0,JAMMU & KASHMIR,MALTO ,49.0
1.0,JAMMU & KASHMIR,MAO,20.0
1.0,JAMMU & KASHMIR,MARAM,2.0
1.0,JAMMU & KASHMIR,MARING ,1.0
1.0,JAMMU & KASHMIR,MIRI/MISHING,10.0
1.0,JAMMU & KASHMIR,MISHMI ,4.0
1.0,JAMMU & KASHMIR,MOGH ,1.0
1.0,JAMMU & KASHMIR,MONPA ,21.0
1.0,JAMMU & KASHMIR,MUNDA,136.0
1.0,JAMMU & KASHMIR,MUNDARI ,61.0
1.0,JAMMU & KASHMIR,NICOBARESE ,1.0
1.0,JAMMU & KASHMIR,NISSI/DAFLA ,17.0
1.0,JAMMU & KASHMIR,NOCTE ,7.0
1.0,JAMMU & KASHMIR,PAITE,26.0
1.0,JAMMU & KASHMIR,PHOM ,12.0
1.0,JAMMU & KASHMIR,POCHURY,2.0
1.0,JAMMU & KASHMIR,RABHA ,6.0
1.0,JAMMU & KASHMIR,RAI ,1.0
1.0,JAMMU & KASHMIR,RENGMA ,1.0
1.0,JAMMU & KASHMIR,SANGTAM ,1.0
1.0,JAMMU & KASHMIR,SAVARA,2.0
1.0,JAMMU & KASHMIR,SEMA,15.0
1.0,JAMMU & KASHMIR,SHERPA ,21.0
1.0,JAMMU & KASHMIR,SHINA,32027.0
1.0,JAMMU & KASHMIR,TAMANG ,23.0
1.0,JAMMU & KASHMIR,TANGKHUL ,18.0
1.0,JAMMU & KASHMIR,THADO ,40.0
1.0,JAMMU & KASHMIR,TIBETAN ,100499.0
1.0,JAMMU & KASHMIR,TRIPURI ,190.0
1.0,JAMMU & KASHMIR,TULU ,218.0
1.0,JAMMU & KASHMIR,VAIPHEI ,12.0
1.0,JAMMU & KASHMIR,WANCHO,3.0
1.0,JAMMU & KASHMIR,YIMCHUNGRE,1.0
1.0,JAMMU & KASHMIR,ZEMI ,2.0
1.0,JAMMU & KASHMIR,ZOU ,9.0
1.0,JAMMU & KASHMIR,OTHERS,16642.0
2.0,HIMACHAL PRADESH,ASSAMESE,1049.0
2.0,HIMACHAL PRADESH,BENGALI ,6214.0
2.0,HIMACHAL PRADESH,BODO ,150.0
2.0,HIMACHAL PRADESH,DOGRI ,23609.0
2.0,HIMACHAL PRADESH,GUJARATI,10012.0
2.0,HIMACHAL PRADESH,HINDI ,5895529.0
2.0,HIMACHAL PRADESH,KANNADA,462.0
2.0,HIMACHAL PRADESH,KASHMIRI ,57050.0
2.0,HIMACHAL PRADESH,KONKANI,80.0
2.0,HIMACHAL PRADESH,MAITHILI ,4723.0
2.0,HIMACHAL PRADESH,MALAYALAM,1211.0
2.0,HIMACHAL PRADESH,MANIPURI ,188.0
2.0,HIMACHAL PRADESH,MARATHI ,3438.0
2.0,HIMACHAL PRADESH,NEPALI ,89508.0
2.0,HIMACHAL PRADESH,ODIA ,3219.0
2.0,HIMACHAL PRADESH,PUNJABI ,615022.0
2.0,HIMACHAL PRADESH,SANSKRIT ,936.0
2.0,HIMACHAL PRADESH,SANTALI ,847.0
2.0,HIMACHAL PRADESH,SINDHI,62.0
2.0,HIMACHAL PRADESH,TAMIL ,1038.0
2.0,HIMACHAL PRADESH,TELUGU ,1383.0
2.0,HIMACHAL PRADESH,URDU,5320.0
2.0,HIMACHAL PRADESH,ADI ,107.0
2.0,HIMACHAL PRADESH,AFGHANI/KABULI/PASHTO ,176.0
2.0,HIMACHAL PRADESH,ANAL ,17.0
2.0,HIMACHAL PRADESH,ANGAMI ,12.0
2.0,HIMACHAL PRADESH,AO ,28.0
2.0,HIMACHAL PRADESH,ARABIC/ARBI ,307.0
2.0,HIMACHAL PRADESH,BALTI ,21.0
2.0,HIMACHAL PRADESH,BHILI/BHILODI ,106.0
2.0,HIMACHAL PRADESH,BHOTIA ,2012.0
2.0,HIMACHAL PRADESH,BISHNUPURIYA,15.0
2.0,HIMACHAL PRADESH,CHAKHESANG ,1.0
2.0,HIMACHAL PRADESH,CHANG ,12.0
2.0,HIMACHAL PRADESH,COORGI/KODAGU ,53.0
2.0,HIMACHAL PRADESH,ENGLISH ,1043.0
2.0,HIMACHAL PRADESH,GANGTE ,2.0
2.0,HIMACHAL PRADESH,GARO ,21.0
2.0,HIMACHAL PRADESH,GONDI,9.0
2.0,HIMACHAL PRADESH,HALABI,1.0
2.0,HIMACHAL PRADESH,HALAM ,380.0
2.0,HIMACHAL PRADESH,HO,167.0
2.0,HIMACHAL PRADESH,KABUI ,5.0
2.0,HIMACHAL PRADESH,KHANDESHI,3498.0
2.0,HIMACHAL PRADESH,KHARIA ,43.0
2.0,HIMACHAL PRADESH,KHASI ,15.0
2.0,HIMACHAL PRADESH,KHEZHA ,5.0
2.0,HIMACHAL PRADESH,KHIEMNUNGAN,1.0
2.0,HIMACHAL PRADESH,KHOND/KONDH ,1.0
2.0,HIMACHAL PRADESH,KINNAURI ,82712.0
2.0,HIMACHAL PRADESH,KISAN ,32.0
2.0,HIMACHAL PRADESH,KOCH ,1.0
2.0,HIMACHAL PRADESH,KODA/KORA ,1.0
2.0,HIMACHAL PRADESH,KOM,2.0
2.0,HIMACHAL PRADESH,KONDA,19.0
2.0,HIMACHAL PRADESH,KONYAK ,3.0
2.0,HIMACHAL PRADESH,KORKU ,115.0
2.0,HIMACHAL PRADESH,KORWA ,23.0
2.0,HIMACHAL PRADESH,KUKI,73.0
2.0,HIMACHAL PRADESH,KURUKH/ORAON ,2277.0
2.0,HIMACHAL PRADESH,LADAKHI ,1196.0
2.0,HIMACHAL PRADESH,LAHAULI ,11073.0
2.0,HIMACHAL PRADESH,LAHNDA ,109.0
2.0,HIMACHAL PRADESH,LAKHER,10.0
2.0,HIMACHAL PRADESH,LEPCHA ,2.0
2.0,HIMACHAL PRADESH,LIMBU ,7.0
2.0,HIMACHAL PRADESH,LOTHA ,16.0
2.0,HIMACHAL PRADESH,LUSHAI/MIZO ,197.0
2.0,HIMACHAL PRADESH,MAO,15.0
2.0,HIMACHAL PRADESH,MIRI/MISHING,3.0
2.0,HIMACHAL PRADESH,MOGH ,8.0
2.0,HIMACHAL PRADESH,MONPA ,94.0
2.0,HIMACHAL PRADESH,MUNDA,505.0
2.0,HIMACHAL PRADESH,MUNDARI ,684.0
2.0,HIMACHAL PRADESH,NISSI/DAFLA ,16.0
2.0,HIMACHAL PRADESH,PAITE,18.0
2.0,HIMACHAL PRADESH,PARJI ,3.0
2.0,HIMACHAL PRADESH,RAI ,8.0
2.0,HIMACHAL PRADESH,RENGMA ,2.0
2.0,HIMACHAL PRADESH,SAVARA,1.0
2.0,HIMACHAL PRADESH,SEMA,4.0
2.0,HIMACHAL PRADESH,SHERPA ,565.0
2.0,HIMACHAL PRADESH,SHINA,48.0
2.0,HIMACHAL PRADESH,TAMANG ,584.0
2.0,HIMACHAL PRADESH,TANGKHUL ,21.0
2.0,HIMACHAL PRADESH,THADO ,3.0
2.0,HIMACHAL PRADESH,TIBETAN ,21322.0
2.0,HIMACHAL PRADESH,TRIPURI ,18.0
2.0,HIMACHAL PRADESH,TULU ,22.0
2.0,HIMACHAL PRADESH,ZELIANG ,1.0
2.0,HIMACHAL PRADESH,ZOU ,4.0
2.0,HIMACHAL PRADESH,OTHERS,13677.0
3.0,PUNJAB,ASSAMESE,4090.0
3.0,PUNJAB,BENGALI ,27030.0
3.0,PUNJAB,BODO ,243.0
3.0,PUNJAB,DOGRI ,18155.0
3.0,PUNJAB,GUJARATI,13531.0
3.0,PUNJAB,HINDI ,2594831.0
3.0,PUNJAB,KANNADA,3899.0
3.0,PUNJAB,KASHMIRI ,2913.0
3.0,PUNJAB,KONKANI,165.0
3.0,PUNJAB,MAITHILI ,9054.0
3.0,PUNJAB,MALAYALAM,9734.0
3.0,PUNJAB,MANIPURI ,901.0
3.0,PUNJAB,MARATHI ,20392.0
3.0,PUNJAB,NEPALI ,22061.0
3.0,PUNJAB,ODIA ,9969.0
3.0,PUNJAB,PUNJABI ,24917885.0
3.0,PUNJAB,SANSKRIT ,210.0
3.0,PUNJAB,SANTALI ,233.0
3.0,PUNJAB,SINDHI,754.0
3.0,PUNJAB,TAMIL ,10389.0
3.0,PUNJAB,TELUGU ,9523.0
3.0,PUNJAB,URDU,27387.0
3.0,PUNJAB,ADI ,30.0
3.0,PUNJAB,AFGHANI/KABULI/PASHTO ,160.0
3.0,PUNJAB,ANAL ,18.0
3.0,PUNJAB,ANGAMI ,5.0
3.0,PUNJAB,AO ,11.0
3.0,PUNJAB,ARABIC/ARBI ,1115.0
3.0,PUNJAB,BALTI ,4.0
3.0,PUNJAB,BHILI/BHILODI ,1920.0
3.0,PUNJAB,BHOTIA ,18.0
3.0,PUNJAB,BHUMIJ ,6.0
3.0,PUNJAB,BISHNUPURIYA,30.0
3.0,PUNJAB,CHAKHESANG ,2.0
3.0,PUNJAB,COORGI/KODAGU ,9.0
3.0,PUNJAB,DIMASA ,21.0
3.0,PUNJAB,ENGLISH ,1888.0
3.0,PUNJAB,GADABA ,1.0
3.0,PUNJAB,GANGTE ,4.0
3.0,PUNJAB,GARO ,35.0
3.0,PUNJAB,GONDI,13.0
3.0,PUNJAB,HALABI,1.0
3.0,PUNJAB,HALAM ,6.0
3.0,PUNJAB,HMAR,37.0
3.0,PUNJAB,HO,26.0
3.0,PUNJAB,KABUI ,1.0
3.0,PUNJAB,KHANDESHI,1137.0
3.0,PUNJAB,KHARIA ,95.0
3.0,PUNJAB,KHASI ,84.0
3.0,PUNJAB,KHEZHA ,4.0
3.0,PUNJAB,KINNAURI ,46.0
3.0,PUNJAB,KISAN ,6.0
3.0,PUNJAB,KOCH ,1.0
3.0,PUNJAB,KODA/KORA ,2.0
3.0,PUNJAB,KOM,9.0
3.0,PUNJAB,KONYAK ,8.0
3.0,PUNJAB,KORWA ,27.0
3.0,PUNJAB,KUKI,231.0
3.0,PUNJAB,KURUKH/ORAON ,195.0
3.0,PUNJAB,LADAKHI ,99.0
3.0,PUNJAB,LAHAULI ,1.0
3.0,PUNJAB,LAHNDA ,24642.0
3.0,PUNJAB,LAKHER,1.0
3.0,PUNJAB,LEPCHA ,2.0
3.0,PUNJAB,LIMBU ,5.0
3.0,PUNJAB,LOTHA ,14.0
3.0,PUNJAB,LUSHAI/MIZO ,472.0
3.0,PUNJAB,MAO,1.0
3.0,PUNJAB,MARAM,1.0
3.0,PUNJAB,MIRI/MISHING,1.0
3.0,PUNJAB,MISHMI ,1.0
3.0,PUNJAB,MOGH ,5.0
3.0,PUNJAB,MONPA ,4.0
3.0,PUNJAB,MUNDA,260.0
3.0,PUNJAB,MUNDARI ,548.0
3.0,PUNJAB,NISSI/DAFLA ,533.0
3.0,PUNJAB,NOCTE ,14.0
3.0,PUNJAB,PAITE,27.0
3.0,PUNJAB,POCHURY,4.0
3.0,PUNJAB,RABHA ,5.0
3.0,PUNJAB,RENGMA ,1.0
3.0,PUNJAB,SAVARA,7.0
3.0,PUNJAB,SEMA,4.0
3.0,PUNJAB,SHINA,4.0
3.0,PUNJAB,TANGKHUL ,18.0
3.0,PUNJAB,THADO ,17.0
3.0,PUNJAB,TIBETAN ,436.0
3.0,PUNJAB,TRIPURI ,95.0
3.0,PUNJAB,TULU ,4.0
3.0,PUNJAB,VAIPHEI ,4.0
3.0,PUNJAB,WANCHO,5.0
3.0,PUNJAB,YIMCHUNGRE,6.0
3.0,PUNJAB,ZEMI ,1.0
3.0,PUNJAB,ZOU ,17.0
3.0,PUNJAB,OTHERS,5524.0
4.0,CHANDIGARH,ASSAMESE,435.0
4.0,CHANDIGARH,BENGALI ,6236.0
4.0,CHANDIGARH,BODO ,6.0
4.0,CHANDIGARH,DOGRI ,1047.0
4.0,CHANDIGARH,GUJARATI,1573.0
4.0,CHANDIGARH,HINDI ,776775.0
4.0,CHANDIGARH,KANNADA,425.0
4.0,CHANDIGARH,KASHMIRI ,1330.0
4.0,CHANDIGARH,KONKANI,86.0
4.0,CHANDIGARH,MAITHILI ,3164.0
4.0,CHANDIGARH,MALAYALAM,1979.0
4.0,CHANDIGARH,MANIPURI ,460.0
4.0,CHANDIGARH,MARATHI ,1252.0
4.0,CHANDIGARH,NEPALI ,6546.0
4.0,CHANDIGARH,ODIA ,1942.0
4.0,CHANDIGARH,PUNJABI ,232516.0
4.0,CHANDIGARH,SANSKRIT ,13.0
4.0,CHANDIGARH,SANTALI ,42.0
4.0,CHANDIGARH,SINDHI,134.0
4.0,CHANDIGARH,TAMIL ,5579.0
4.0,CHANDIGARH,TELUGU ,1339.0
4.0,CHANDIGARH,URDU,10595.0
4.0,CHANDIGARH,ADI ,2.0
4.0,CHANDIGARH,AFGHANI/KABULI/PASHTO ,20.0
4.0,CHANDIGARH,ANGAMI ,2.0
4.0,CHANDIGARH,AO ,4.0
4.0,CHANDIGARH,ARABIC/ARBI ,47.0
4.0,CHANDIGARH,BALTI ,2.0
4.0,CHANDIGARH,BHILI/BHILODI ,2.0
4.0,CHANDIGARH,BHOTIA ,54.0
4.0,CHANDIGARH,BISHNUPURIYA,4.0
4.0,CHANDIGARH,COORGI/KODAGU ,6.0
4.0,CHANDIGARH,ENGLISH ,436.0
4.0,CHANDIGARH,GONDI,3.0
4.0,CHANDIGARH,HMAR,3.0
4.0,CHANDIGARH,KABUI ,10.0
4.0,CHANDIGARH,KHANDESHI,1.0
4.0,CHANDIGARH,KHARIA ,4.0
4.0,CHANDIGARH,KHASI ,12.0
4.0,CHANDIGARH,KINNAURI ,56.0
4.0,CHANDIGARH,KONDA,4.0
4.0,CHANDIGARH,KORWA ,1.0
4.0,CHANDIGARH,KURUKH/ORAON ,39.0
4.0,CHANDIGARH,LADAKHI ,269.0
4.0,CHANDIGARH,LAHAULI ,23.0
4.0,CHANDIGARH,LAHNDA ,97.0
4.0,CHANDIGARH,LEPCHA ,8.0
4.0,CHANDIGARH,LOTHA ,1.0
4.0,CHANDIGARH,LUSHAI/MIZO ,22.0
4.0,CHANDIGARH,MALTO ,2.0
4.0,CHANDIGARH,MAO,2.0
4.0,CHANDIGARH,MUNDA,63.0
4.0,CHANDIGARH,MUNDARI ,45.0
4.0,CHANDIGARH,NICOBARESE ,12.0
4.0,CHANDIGARH,SAVARA,3.0
4.0,CHANDIGARH,TAMANG ,4.0
4.0,CHANDIGARH,TANGKHUL ,7.0
4.0,CHANDIGARH,TIBETAN ,40.0
4.0,CHANDIGARH,TRIPURI ,11.0
4.0,CHANDIGARH,TULU ,8.0
4.0,CHANDIGARH,ZOU ,4.0
4.0,CHANDIGARH,OTHERS,643.0
5.0,UTTARAKHAND,ASSAMESE,1656.0
5.0,UTTARAKHAND,BENGALI ,150933.0
5.0,UTTARAKHAND,BODO ,51.0
5.0,UTTARAKHAND,DOGRI ,4925.0
5.0,UTTARAKHAND,GUJARATI,3921.0
5.0,UTTARAKHAND,HINDI ,8992114.0
5.0,UTTARAKHAND,KANNADA,1233.0
5.0,UTTARAKHAND,KASHMIRI ,1770.0
5.0,UTTARAKHAND,KONKANI,84.0
5.0,UTTARAKHAND,MAITHILI ,54553.0
5.0,UTTARAKHAND,MALAYALAM,3168.0
5.0,UTTARAKHAND,MANIPURI ,490.0
5.0,UTTARAKHAND,MARATHI ,6028.0
5.0,UTTARAKHAND,NEPALI ,106399.0
5.0,UTTARAKHAND,ODIA ,3630.0
5.0,UTTARAKHAND,PUNJABI ,263310.0
5.0,UTTARAKHAND,SANSKRIT ,386.0
5.0,UTTARAKHAND,SANTALI ,426.0
5.0,UTTARAKHAND,SINDHI,2863.0
5.0,UTTARAKHAND,TAMIL ,2584.0
5.0,UTTARAKHAND,TELUGU ,3185.0
5.0,UTTARAKHAND,URDU,425752.0
5.0,UTTARAKHAND,ADI ,80.0
5.0,UTTARAKHAND,AFGHANI/KABULI/PASHTO ,90.0
5.0,UTTARAKHAND,ANAL ,74.0
5.0,UTTARAKHAND,ANGAMI ,29.0
5.0,UTTARAKHAND,AO ,53.0
5.0,UTTARAKHAND,ARABIC/ARBI ,339.0
5.0,UTTARAKHAND,BALTI ,1173.0
5.0,UTTARAKHAND,BHILI/BHILODI ,2001.0
5.0,UTTARAKHAND,BHOTIA ,9287.0
5.0,UTTARAKHAND,BHUMIJ ,1.0
5.0,UTTARAKHAND,BISHNUPURIYA,3.0
5.0,UTTARAKHAND,CHAKHESANG ,2.0
5.0,UTTARAKHAND,CHAKRU/CHOKRI ,2.0
5.0,UTTARAKHAND,CHANG ,6.0
5.0,UTTARAKHAND,COORGI/KODAGU ,9.0
5.0,UTTARAKHAND,DIMASA ,9.0
5.0,UTTARAKHAND,ENGLISH ,1385.0
5.0,UTTARAKHAND,GANGTE ,7.0
5.0,UTTARAKHAND,GARO ,30.0
5.0,UTTARAKHAND,GONDI,22.0
5.0,UTTARAKHAND,HALABI,3.0
5.0,UTTARAKHAND,HALAM ,6001.0
5.0,UTTARAKHAND,HMAR,7.0
5.0,UTTARAKHAND,HO,34.0
5.0,UTTARAKHAND,KABUI ,39.0
5.0,UTTARAKHAND,KARBI/MIKIR ,3.0
5.0,UTTARAKHAND,KHANDESHI,9470.0
5.0,UTTARAKHAND,KHARIA ,51.0
5.0,UTTARAKHAND,KHASI ,18.0
5.0,UTTARAKHAND,KHEZHA ,2.0
5.0,UTTARAKHAND,KHOND/KONDH ,1.0
5.0,UTTARAKHAND,KINNAURI ,251.0
5.0,UTTARAKHAND,KODA/KORA ,4.0
5.0,UTTARAKHAND,KOM,15.0
5.0,UTTARAKHAND,KONDA,1.0
5.0,UTTARAKHAND,KONYAK ,10.0
5.0,UTTARAKHAND,KUKI,2.0
5.0,UTTARAKHAND,KURUKH/ORAON ,696.0
5.0,UTTARAKHAND,LADAKHI ,264.0
5.0,UTTARAKHAND,LAHNDA ,742.0
5.0,UTTARAKHAND,LAKHER,10.0
5.0,UTTARAKHAND,LEPCHA ,147.0
5.0,UTTARAKHAND,LIMBU ,5.0
5.0,UTTARAKHAND,LOTHA ,21.0
5.0,UTTARAKHAND,LUSHAI/MIZO ,118.0
5.0,UTTARAKHAND,MAO,39.0
5.0,UTTARAKHAND,MARAM,2.0
5.0,UTTARAKHAND,MARING ,9.0
5.0,UTTARAKHAND,MIRI/MISHING,2.0
5.0,UTTARAKHAND,MISHMI ,22.0
5.0,UTTARAKHAND,MOGH ,3.0
5.0,UTTARAKHAND,MONPA ,37.0
5.0,UTTARAKHAND,MUNDA,849.0
5.0,UTTARAKHAND,MUNDARI ,92.0
5.0,UTTARAKHAND,NISSI/DAFLA ,7553.0
5.0,UTTARAKHAND,PAITE,13.0
5.0,UTTARAKHAND,PARJI ,3.0
5.0,UTTARAKHAND,PHOM ,1.0
5.0,UTTARAKHAND,POCHURY,9.0
5.0,UTTARAKHAND,RABHA ,2.0
5.0,UTTARAKHAND,RAI ,268.0
5.0,UTTARAKHAND,RENGMA ,503.0
5.0,UTTARAKHAND,SANGTAM ,11.0
5.0,UTTARAKHAND,SAVARA,3.0
5.0,UTTARAKHAND,SEMA,7.0
5.0,UTTARAKHAND,SHINA,7.0
5.0,UTTARAKHAND,TAMANG ,19.0
5.0,UTTARAKHAND,TANGKHUL ,55.0
5.0,UTTARAKHAND,TANGSA,7.0
5.0,UTTARAKHAND,THADO ,19.0
5.0,UTTARAKHAND,TIBETAN ,10162.0
5.0,UTTARAKHAND,TRIPURI ,33.0
5.0,UTTARAKHAND,TULU ,12.0
5.0,UTTARAKHAND,WANCHO,1.0
5.0,UTTARAKHAND,YIMCHUNGRE,2.0
5.0,UTTARAKHAND,ZEMI ,5.0
5.0,UTTARAKHAND,ZOU ,3.0
5.0,UTTARAKHAND,OTHERS,4561.0
6.0,HARYANA,ASSAMESE,4204.0
6.0,HARYANA,BENGALI ,70948.0
6.0,HARYANA,BODO ,92.0
6.0,HARYANA,DOGRI ,3129.0
6.0,HARYANA,GUJARATI,7519.0
6.0,HARYANA,HINDI ,22322157.0
6.0,HARYANA,KANNADA,3172.0
6.0,HARYANA,KASHMIRI ,6225.0
6.0,HARYANA,KONKANI,432.0
6.0,HARYANA,MAITHILI ,25685.0
6.0,HARYANA,MALAYALAM,14518.0
6.0,HARYANA,MANIPURI ,563.0
6.0,HARYANA,MARATHI ,12806.0
6.0,HARYANA,NEPALI ,19914.0
6.0,HARYANA,ODIA ,14835.0
6.0,HARYANA,PUNJABI ,2400883.0
6.0,HARYANA,SANSKRIT ,490.0
6.0,HARYANA,SANTALI ,222.0
6.0,HARYANA,SINDHI,1658.0
6.0,HARYANA,TAMIL ,12658.0
6.0,HARYANA,TELUGU ,9831.0
6.0,HARYANA,URDU,374353.0
6.0,HARYANA,ADI ,1023.0
6.0,HARYANA,AFGHANI/KABULI/PASHTO ,218.0
6.0,HARYANA,ANGAMI ,7.0
6.0,HARYANA,ARABIC/ARBI ,491.0
6.0,HARYANA,BALTI ,24.0
6.0,HARYANA,BHILI/BHILODI ,1121.0
6.0,HARYANA,BHOTIA ,61.0
6.0,HARYANA,BHUMIJ ,1.0
6.0,HARYANA,BISHNUPURIYA,6.0
6.0,HARYANA,CHANG ,1.0
6.0,HARYANA,COORGI/KODAGU ,31.0
6.0,HARYANA,DIMASA ,4.0
6.0,HARYANA,ENGLISH ,3852.0
6.0,HARYANA,GADABA ,4.0
6.0,HARYANA,GANGTE ,1.0
6.0,HARYANA,GARO ,19.0
6.0,HARYANA,GONDI,50.0
6.0,HARYANA,HALAM ,5.0
6.0,HARYANA,HMAR,5.0
6.0,HARYANA,HO,52.0
6.0,HARYANA,KABUI ,6.0
6.0,HARYANA,KARBI/MIKIR ,2.0
6.0,HARYANA,KHANDESHI,62.0
6.0,HARYANA,KHARIA ,216.0
6.0,HARYANA,KHASI ,21.0
6.0,HARYANA,KHEZHA ,25.0
6.0,HARYANA,KINNAURI ,23.0
6.0,HARYANA,KISAN ,1.0
6.0,HARYANA,KODA/KORA ,4.0
6.0,HARYANA,KONYAK ,2.0
6.0,HARYANA,KORWA ,8.0
6.0,HARYANA,KUKI,21.0
6.0,HARYANA,KURUKH/ORAON ,539.0
6.0,HARYANA,LADAKHI ,908.0
6.0,HARYANA,LAHAULI ,24.0
6.0,HARYANA,LAHNDA ,29892.0
6.0,HARYANA,LAKHER,2.0
6.0,HARYANA,LEPCHA ,4.0
6.0,HARYANA,LOTHA ,3.0
6.0,HARYANA,LUSHAI/MIZO ,95.0
6.0,HARYANA,MAO,1.0
6.0,HARYANA,MIRI/MISHING,3.0
6.0,HARYANA,MOGH ,13.0
6.0,HARYANA,MONPA ,11.0
6.0,HARYANA,MUNDA,1626.0
6.0,HARYANA,MUNDARI ,280.0
6.0,HARYANA,NISSI/DAFLA ,252.0
6.0,HARYANA,NOCTE ,2.0
6.0,HARYANA,PAITE,12.0
6.0,HARYANA,RABHA ,1.0
6.0,HARYANA,RENGMA ,3.0
6.0,HARYANA,SAVARA,25.0
6.0,HARYANA,SEMA,3.0
6.0,HARYANA,SHERPA ,2.0
6.0,HARYANA,SHINA,10.0
6.0,HARYANA,TAMANG ,6.0
6.0,HARYANA,TANGKHUL ,18.0
6.0,HARYANA,TANGSA,3.0
6.0,HARYANA,THADO ,25.0
6.0,HARYANA,TIBETAN ,329.0
6.0,HARYANA,TRIPURI ,59.0
6.0,HARYANA,TULU ,64.0
6.0,HARYANA,VAIPHEI ,1.0
6.0,HARYANA,WANCHO,2.0
6.0,HARYANA,YIMCHUNGRE,1.0
6.0,HARYANA,ZOU ,3.0
6.0,HARYANA,OTHERS,3579.0
7.0,NCT OF DELHI,ASSAMESE,8573.0
7.0,NCT OF DELHI,BENGALI ,215960.0
7.0,NCT OF DELHI,BODO ,293.0
7.0,NCT OF DELHI,DOGRI ,6350.0
7.0,NCT OF DELHI,GUJARATI,40613.0
7.0,NCT OF DELHI,HINDI ,14255526.0
7.0,NCT OF DELHI,KANNADA,10012.0
7.0,NCT OF DELHI,KASHMIRI ,18122.0
7.0,NCT OF DELHI,KONKANI,1553.0
7.0,NCT OF DELHI,MAITHILI ,122956.0
7.0,NCT OF DELHI,MALAYALAM,88662.0
7.0,NCT OF DELHI,MANIPURI ,3892.0
7.0,NCT OF DELHI,MARATHI ,27239.0
7.0,NCT OF DELHI,NEPALI ,37468.0
7.0,NCT OF DELHI,ODIA ,37645.0
7.0,NCT OF DELHI,PUNJABI ,873477.0
7.0,NCT OF DELHI,SANSKRIT ,648.0
7.0,NCT OF DELHI,SANTALI ,521.0
7.0,NCT OF DELHI,SINDHI,31177.0
7.0,NCT OF DELHI,TAMIL ,82719.0
7.0,NCT OF DELHI,TELUGU ,25934.0
7.0,NCT OF DELHI,URDU,867673.0
7.0,NCT OF DELHI,ADI ,32.0
7.0,NCT OF DELHI,AFGHANI/KABULI/PASHTO ,1768.0
7.0,NCT OF DELHI,ANAL ,42.0
7.0,NCT OF DELHI,ANGAMI ,79.0
7.0,NCT OF DELHI,AO ,100.0
7.0,NCT OF DELHI,ARABIC/ARBI ,696.0
7.0,NCT OF DELHI,BHILI/BHILODI ,304.0
7.0,NCT OF DELHI,BHOTIA ,372.0
7.0,NCT OF DELHI,BHUMIJ ,9.0
7.0,NCT OF DELHI,BISHNUPURIYA,25.0
7.0,NCT OF DELHI,CHAKHESANG ,6.0
7.0,NCT OF DELHI,CHAKRU/CHOKRI ,4.0
7.0,NCT OF DELHI,CHANG ,10.0
7.0,NCT OF DELHI,COORGI/KODAGU ,59.0
7.0,NCT OF DELHI,DEORI ,5.0
7.0,NCT OF DELHI,DIMASA ,17.0
7.0,NCT OF DELHI,ENGLISH ,6236.0
7.0,NCT OF DELHI,GANGTE ,83.0
7.0,NCT OF DELHI,GARO ,92.0
7.0,NCT OF DELHI,GONDI,147.0
7.0,NCT OF DELHI,HALABI,60.0
7.0,NCT OF DELHI,HALAM ,28.0
7.0,NCT OF DELHI,HMAR,197.0
7.0,NCT OF DELHI,HO,70.0
7.0,NCT OF DELHI,JATAPU ,2.0
7.0,NCT OF DELHI,KABUI ,157.0
7.0,NCT OF DELHI,KARBI/MIKIR ,10.0
7.0,NCT OF DELHI,KHANDESHI,178.0
7.0,NCT OF DELHI,KHARIA ,430.0
7.0,NCT OF DELHI,KHASI ,202.0
7.0,NCT OF DELHI,KHEZHA ,21.0
7.0,NCT OF DELHI,KHIEMNUNGAN,3.0
7.0,NCT OF DELHI,KHOND/KONDH ,11.0
7.0,NCT OF DELHI,KINNAURI ,41.0
7.0,NCT OF DELHI,KODA/KORA ,3.0
7.0,NCT OF DELHI,KOM,11.0
7.0,NCT OF DELHI,KONDA,4.0
7.0,NCT OF DELHI,KONYAK ,6.0
7.0,NCT OF DELHI,KORWA ,8.0
7.0,NCT OF DELHI,KUKI,296.0
7.0,NCT OF DELHI,KURUKH/ORAON ,2753.0
7.0,NCT OF DELHI,LADAKHI ,371.0
7.0,NCT OF DELHI,LAHAULI ,16.0
7.0,NCT OF DELHI,LAHNDA ,4070.0
7.0,NCT OF DELHI,LAKHER,21.0
7.0,NCT OF DELHI,LEPCHA ,33.0
7.0,NCT OF DELHI,LIANGMEI ,46.0
7.0,NCT OF DELHI,LIMBU ,6.0
7.0,NCT OF DELHI,LOTHA ,43.0
7.0,NCT OF DELHI,LUSHAI/MIZO ,715.0
7.0,NCT OF DELHI,MAO,176.0
7.0,NCT OF DELHI,MARAM,8.0
7.0,NCT OF DELHI,MARING ,16.0
7.0,NCT OF DELHI,MIRI/MISHING,8.0
7.0,NCT OF DELHI,MISHMI ,7.0
7.0,NCT OF DELHI,MOGH ,24.0
7.0,NCT OF DELHI,MONPA ,22.0
7.0,NCT OF DELHI,MUNDA,783.0
7.0,NCT OF DELHI,MUNDARI ,330.0
7.0,NCT OF DELHI,NISSI/DAFLA ,76.0
7.0,NCT OF DELHI,NOCTE ,10.0
7.0,NCT OF DELHI,PAITE,496.0
7.0,NCT OF DELHI,PARJI ,1.0
7.0,NCT OF DELHI,PHOM ,4.0
7.0,NCT OF DELHI,POCHURY,2.0
7.0,NCT OF DELHI,RABHA ,8.0
7.0,NCT OF DELHI,RAI ,1.0
7.0,NCT OF DELHI,RENGMA ,10.0
7.0,NCT OF DELHI,SANGTAM ,1.0
7.0,NCT OF DELHI,SAVARA,49.0
7.0,NCT OF DELHI,SEMA,16.0
7.0,NCT OF DELHI,SHERPA ,17.0
7.0,NCT OF DELHI,SHINA,4.0
7.0,NCT OF DELHI,TAMANG ,33.0
7.0,NCT OF DELHI,TANGKHUL ,310.0
7.0,NCT OF DELHI,TANGSA,4.0
7.0,NCT OF DELHI,THADO ,165.0
7.0,NCT OF DELHI,TIBETAN ,1900.0
7.0,NCT OF DELHI,TRIPURI ,58.0
7.0,NCT OF DELHI,TULU ,209.0
7.0,NCT OF DELHI,VAIPHEI ,90.0
7.0,NCT OF DELHI,WANCHO,9.0
7.0,NCT OF DELHI,YIMCHUNGRE,13.0
7.0,NCT OF DELHI,ZELIANG ,1.0
7.0,NCT OF DELHI,ZEMI ,15.0
7.0,NCT OF DELHI,ZOU ,54.0
7.0,NCT OF DELHI,OTHERS,6100.0
8.0,RAJASTHAN,ASSAMESE,2877.0
8.0,RAJASTHAN,BENGALI ,81658.0
8.0,RAJASTHAN,BODO ,106.0
8.0,RAJASTHAN,DOGRI ,5120.0
8.0,RAJASTHAN,GUJARATI,67490.0
8.0,RAJASTHAN,HINDI ,61274274.0
8.0,RAJASTHAN,KANNADA,5931.0
8.0,RAJASTHAN,KASHMIRI ,4164.0
8.0,RAJASTHAN,KONKANI,255.0
8.0,RAJASTHAN,MAITHILI ,11666.0
8.0,RAJASTHAN,MALAYALAM,24439.0
8.0,RAJASTHAN,MANIPURI ,2168.0
8.0,RAJASTHAN,MARATHI ,23240.0
8.0,RAJASTHAN,NEPALI ,7636.0
8.0,RAJASTHAN,ODIA ,17047.0
8.0,RAJASTHAN,PUNJABI ,2274342.0
8.0,RAJASTHAN,SANSKRIT ,2375.0
8.0,RAJASTHAN,SANTALI ,258.0
8.0,RAJASTHAN,SINDHI,386569.0
8.0,RAJASTHAN,TAMIL ,8939.0
8.0,RAJASTHAN,TELUGU ,8350.0
8.0,RAJASTHAN,URDU,664915.0
8.0,RAJASTHAN,ADI ,892.0
8.0,RAJASTHAN,AFGHANI/KABULI/PASHTO ,174.0
8.0,RAJASTHAN,ANAL ,7.0
8.0,RAJASTHAN,ANGAMI ,3.0
8.0,RAJASTHAN,AO ,9.0
8.0,RAJASTHAN,ARABIC/ARBI ,891.0
8.0,RAJASTHAN,BALTI ,10.0
8.0,RAJASTHAN,BHILI/BHILODI ,3592208.0
8.0,RAJASTHAN,BHOTIA ,33.0
8.0,RAJASTHAN,BHUMIJ ,7.0
8.0,RAJASTHAN,CHAKHESANG ,1.0
8.0,RAJASTHAN,CHAKRU/CHOKRI ,57.0
8.0,RAJASTHAN,CHANG ,4.0
8.0,RAJASTHAN,COORGI/KODAGU ,3.0
8.0,RAJASTHAN,DEORI ,8.0
8.0,RAJASTHAN,DIMASA ,3.0
8.0,RAJASTHAN,ENGLISH ,13202.0
8.0,RAJASTHAN,GADABA ,9.0
8.0,RAJASTHAN,GANGTE ,6.0
8.0,RAJASTHAN,GARO ,26.0
8.0,RAJASTHAN,GONDI,1712.0
8.0,RAJASTHAN,HALABI,5.0
8.0,RAJASTHAN,HALAM ,92.0
8.0,RAJASTHAN,HMAR,2.0
8.0,RAJASTHAN,HO,713.0
8.0,RAJASTHAN,JATAPU ,2.0
8.0,RAJASTHAN,KABUI ,15.0
8.0,RAJASTHAN,KARBI/MIKIR ,3.0
8.0,RAJASTHAN,KHANDESHI,153.0
8.0,RAJASTHAN,KHARIA ,77.0
8.0,RAJASTHAN,KHASI ,65.0
8.0,RAJASTHAN,KHEZHA ,5.0
8.0,RAJASTHAN,KHIEMNUNGAN,10.0
8.0,RAJASTHAN,KHOND/KONDH ,1.0
8.0,RAJASTHAN,KINNAURI ,16.0
8.0,RAJASTHAN,KOCH ,1.0
8.0,RAJASTHAN,KOM,7.0
8.0,RAJASTHAN,KORKU ,46.0
8.0,RAJASTHAN,KORWA ,23.0
8.0,RAJASTHAN,KUKI,61.0
8.0,RAJASTHAN,KURUKH/ORAON ,251.0
8.0,RAJASTHAN,LADAKHI ,33.0
8.0,RAJASTHAN,LAHNDA ,15882.0
8.0,RAJASTHAN,LAKHER,92.0
8.0,RAJASTHAN,LEPCHA ,1.0
8.0,RAJASTHAN,LIMBU ,6.0
8.0,RAJASTHAN,LOTHA ,7.0
8.0,RAJASTHAN,LUSHAI/MIZO ,185.0
8.0,RAJASTHAN,MAO,295.0
8.0,RAJASTHAN,MARAM,3.0
8.0,RAJASTHAN,MIRI/MISHING,3.0
8.0,RAJASTHAN,MISHMI ,17.0
8.0,RAJASTHAN,MOGH ,2.0
8.0,RAJASTHAN,MONPA ,2.0
8.0,RAJASTHAN,MUNDA,2767.0
8.0,RAJASTHAN,MUNDARI ,121.0
8.0,RAJASTHAN,NISSI/DAFLA ,59.0
8.0,RAJASTHAN,NOCTE ,5.0
8.0,RAJASTHAN,PAITE,7.0
8.0,RAJASTHAN,PARJI ,1.0
8.0,RAJASTHAN,RABHA ,634.0
8.0,RAJASTHAN,RAI ,176.0
8.0,RAJASTHAN,SANGTAM ,1.0
8.0,RAJASTHAN,SAVARA,36.0
8.0,RAJASTHAN,SHINA,4.0
8.0,RAJASTHAN,TAMANG ,3.0
8.0,RAJASTHAN,TANGKHUL ,15.0
8.0,RAJASTHAN,TANGSA,1.0
8.0,RAJASTHAN,THADO ,9.0
8.0,RAJASTHAN,TIBETAN ,38.0
8.0,RAJASTHAN,TRIPURI ,169.0
8.0,RAJASTHAN,TULU ,119.0
8.0,RAJASTHAN,VAIPHEI ,2.0
8.0,RAJASTHAN,WANCHO,1.0
8.0,RAJASTHAN,YIMCHUNGRE,1.0
8.0,RAJASTHAN,ZOU ,4.0
8.0,RAJASTHAN,OTHERS,43104.0
9.0,UTTAR PRADESH,ASSAMESE,10356.0
9.0,UTTAR PRADESH,BENGALI ,241007.0
9.0,UTTAR PRADESH,BODO ,226.0
9.0,UTTAR PRADESH,DOGRI ,2695.0
9.0,UTTAR PRADESH,GUJARATI,15442.0
9.0,UTTAR PRADESH,HINDI ,187979055.0
9.0,UTTAR PRADESH,KANNADA,6435.0
9.0,UTTAR PRADESH,KASHMIRI ,6123.0
9.0,UTTAR PRADESH,KONKANI,335.0
9.0,UTTAR PRADESH,MAITHILI ,24831.0
9.0,UTTAR PRADESH,MALAYALAM,24450.0
9.0,UTTAR PRADESH,MANIPURI ,1204.0
9.0,UTTAR PRADESH,MARATHI ,24280.0
9.0,UTTAR PRADESH,NEPALI ,18743.0
9.0,UTTAR PRADESH,ODIA ,24729.0
9.0,UTTAR PRADESH,PUNJABI ,508736.0
9.0,UTTAR PRADESH,SANSKRIT ,3062.0
9.0,UTTAR PRADESH,SANTALI ,858.0
9.0,UTTAR PRADESH,SINDHI,28952.0
9.0,UTTAR PRADESH,TAMIL ,14444.0
9.0,UTTAR PRADESH,TELUGU ,13977.0
9.0,UTTAR PRADESH,URDU,10820232.0
9.0,UTTAR PRADESH,ADI ,75.0
9.0,UTTAR PRADESH,AFGHANI/KABULI/PASHTO ,171.0
9.0,UTTAR PRADESH,ANAL ,9.0
9.0,UTTAR PRADESH,ANGAMI ,14.0
9.0,UTTAR PRADESH,AO ,24.0
9.0,UTTAR PRADESH,ARABIC/ARBI ,7693.0
9.0,UTTAR PRADESH,BALTI ,3.0
9.0,UTTAR PRADESH,BHILI/BHILODI ,1283.0
9.0,UTTAR PRADESH,BHOTIA ,276.0
9.0,UTTAR PRADESH,BHUMIJ ,55.0
9.0,UTTAR PRADESH,BISHNUPURIYA,10.0
9.0,UTTAR PRADESH,CHANG ,2.0
9.0,UTTAR PRADESH,COORGI/KODAGU ,18.0
9.0,UTTAR PRADESH,DIMASA ,26.0
9.0,UTTAR PRADESH,ENGLISH ,13085.0
9.0,UTTAR PRADESH,GADABA ,5.0
9.0,UTTAR PRADESH,GANGTE ,9.0
9.0,UTTAR PRADESH,GARO ,27.0
9.0,UTTAR PRADESH,GONDI,5768.0
9.0,UTTAR PRADESH,HALABI,35.0
9.0,UTTAR PRADESH,HO,102.0
9.0,UTTAR PRADESH,KABUI ,12.0
9.0,UTTAR PRADESH,KARBI/MIKIR ,4.0
9.0,UTTAR PRADESH,KHANDESHI,475.0
9.0,UTTAR PRADESH,KHARIA ,185.0
9.0,UTTAR PRADESH,KHASI ,50.0
9.0,UTTAR PRADESH,KHEZHA ,2.0
9.0,UTTAR PRADESH,KHOND/KONDH ,8.0
9.0,UTTAR PRADESH,KINNAURI ,14.0
9.0,UTTAR PRADESH,KISAN ,4.0
9.0,UTTAR PRADESH,KOCH ,2.0
9.0,UTTAR PRADESH,KOLAMI ,1.0
9.0,UTTAR PRADESH,KOM,1.0
9.0,UTTAR PRADESH,KONDA,20.0
9.0,UTTAR PRADESH,KORKU ,2.0
9.0,UTTAR PRADESH,KORWA ,17.0
9.0,UTTAR PRADESH,KUKI,153.0
9.0,UTTAR PRADESH,KURUKH/ORAON ,4495.0
9.0,UTTAR PRADESH,LADAKHI ,79.0
9.0,UTTAR PRADESH,LAHAULI ,2.0
9.0,UTTAR PRADESH,LAHNDA ,1000.0
9.0,UTTAR PRADESH,LAKHER,12.0
9.0,UTTAR PRADESH,LEPCHA ,7.0
9.0,UTTAR PRADESH,LIMBU ,5.0
9.0,UTTAR PRADESH,LOTHA ,27.0
9.0,UTTAR PRADESH,LUSHAI/MIZO ,228.0
9.0,UTTAR PRADESH,MALTO ,2.0
9.0,UTTAR PRADESH,MAO,17.0
9.0,UTTAR PRADESH,MIRI/MISHING,6.0
9.0,UTTAR PRADESH,MISHMI ,274.0
9.0,UTTAR PRADESH,MOGH ,3.0
9.0,UTTAR PRADESH,MONPA ,7.0
9.0,UTTAR PRADESH,MUNDA,1415.0
9.0,UTTAR PRADESH,MUNDARI ,277.0
9.0,UTTAR PRADESH,NISSI/DAFLA ,47.0
9.0,UTTAR PRADESH,NOCTE ,1.0
9.0,UTTAR PRADESH,PAITE,9.0
9.0,UTTAR PRADESH,PARJI ,21.0
9.0,UTTAR PRADESH,PHOM ,2.0
9.0,UTTAR PRADESH,POCHURY,1.0
9.0,UTTAR PRADESH,RABHA ,3.0
9.0,UTTAR PRADESH,RAI ,12.0
9.0,UTTAR PRADESH,RENGMA ,1.0
9.0,UTTAR PRADESH,SAVARA,13.0
9.0,UTTAR PRADESH,SEMA,15.0
9.0,UTTAR PRADESH,SHERPA ,7.0
9.0,UTTAR PRADESH,SHINA,11.0
9.0,UTTAR PRADESH,TANGKHUL ,13.0
9.0,UTTAR PRADESH,TANGSA,1.0
9.0,UTTAR PRADESH,THADO ,197.0
9.0,UTTAR PRADESH,TIBETAN ,315.0
9.0,UTTAR PRADESH,TRIPURI ,63.0
9.0,UTTAR PRADESH,TULU ,102.0
9.0,UTTAR PRADESH,VAIPHEI ,2.0
9.0,UTTAR PRADESH,WANCHO,11.0
9.0,UTTAR PRADESH,YIMCHUNGRE,7.0
9.0,UTTAR PRADESH,ZEMI ,3.0
9.0,UTTAR PRADESH,ZOU ,8.0
9.0,UTTAR PRADESH,OTHERS,3808.0
10.0,BIHAR,ASSAMESE,2087.0
10.0,BIHAR,BENGALI ,810771.0
10.0,BIHAR,BODO ,19.0
10.0,BIHAR,DOGRI ,254.0
10.0,BIHAR,GUJARATI,8297.0
10.0,BIHAR,HINDI ,80698466.0
10.0,BIHAR,KANNADA,492.0
10.0,BIHAR,KASHMIRI ,986.0
10.0,BIHAR,KONKANI,23.0
10.0,BIHAR,MAITHILI ,13063042.0
10.0,BIHAR,MALAYALAM,1220.0
10.0,BIHAR,MANIPURI ,238.0
10.0,BIHAR,MARATHI ,1975.0
10.0,BIHAR,NEPALI ,5727.0
10.0,BIHAR,ODIA ,3188.0
10.0,BIHAR,PUNJABI ,10467.0
10.0,BIHAR,SANSKRIT ,3388.0
10.0,BIHAR,SANTALI ,458949.0
10.0,BIHAR,SINDHI,2227.0
10.0,BIHAR,TAMIL ,986.0
10.0,BIHAR,TELUGU ,1467.0
10.0,BIHAR,URDU,8770002.0
10.0,BIHAR,ADI ,44.0
10.0,BIHAR,AFGHANI/KABULI/PASHTO ,5.0
10.0,BIHAR,ANAL ,1.0
10.0,BIHAR,ANGAMI ,2.0
10.0,BIHAR,ARABIC/ARBI ,25144.0
10.0,BIHAR,BALTI ,108.0
10.0,BIHAR,BHILI/BHILODI ,1448.0
10.0,BIHAR,BHOTIA ,15.0
10.0,BIHAR,BHUMIJ ,963.0
10.0,BIHAR,BISHNUPURIYA,1616.0
10.0,BIHAR,CHANG ,123.0
10.0,BIHAR,COORGI/KODAGU ,489.0
10.0,BIHAR,DIMASA ,2.0
10.0,BIHAR,ENGLISH ,4652.0
10.0,BIHAR,GADABA ,1.0
10.0,BIHAR,GARO ,4.0
10.0,BIHAR,GONDI,21.0
10.0,BIHAR,HALABI,1.0
10.0,BIHAR,HALAM ,2.0
10.0,BIHAR,HO,1890.0
10.0,BIHAR,JATAPU ,5.0
10.0,BIHAR,KABUI ,2.0
10.0,BIHAR,KHANDESHI,4.0
10.0,BIHAR,KHARIA ,1600.0
10.0,BIHAR,KHASI ,1.0
10.0,BIHAR,KHEZHA ,237.0
10.0,BIHAR,KHOND/KONDH ,6.0
10.0,BIHAR,KINNAURI ,4.0
10.0,BIHAR,KOCH ,73.0
10.0,BIHAR,KODA/KORA ,468.0
10.0,BIHAR,KONDA,3.0
10.0,BIHAR,KONYAK ,2.0
10.0,BIHAR,KORKU ,98.0
10.0,BIHAR,KORWA ,31.0
10.0,BIHAR,KUKI,7.0
10.0,BIHAR,KURUKH/ORAON ,87995.0
10.0,BIHAR,LADAKHI ,25.0
10.0,BIHAR,LAHAULI ,26.0
10.0,BIHAR,LAHNDA ,1.0
10.0,BIHAR,LAKHER,10.0
10.0,BIHAR,LEPCHA ,1.0
10.0,BIHAR,LIMBU ,2.0
10.0,BIHAR,LOTHA ,1.0
10.0,BIHAR,LUSHAI/MIZO ,92.0
10.0,BIHAR,MALTO ,75986.0
10.0,BIHAR,MAO,3.0
10.0,BIHAR,MIRI/MISHING,4.0
10.0,BIHAR,MISHMI ,6.0
10.0,BIHAR,MOGH ,6.0
10.0,BIHAR,MONPA ,1.0
10.0,BIHAR,MUNDA,1612.0
10.0,BIHAR,MUNDARI ,2468.0
10.0,BIHAR,NISSI/DAFLA ,14.0
10.0,BIHAR,NOCTE ,1.0
10.0,BIHAR,PAITE,1.0
10.0,BIHAR,RABHA ,2.0
10.0,BIHAR,RAI ,159.0
10.0,BIHAR,SAVARA,125.0
10.0,BIHAR,TANGKHUL ,5.0
10.0,BIHAR,TANGSA,3.0
10.0,BIHAR,THADO ,6.0
10.0,BIHAR,TIBETAN ,20.0
10.0,BIHAR,TRIPURI ,7.0
10.0,BIHAR,TULU ,434.0
10.0,BIHAR,YIMCHUNGRE,1.0
10.0,BIHAR,OTHERS,47092.0
11.0,SIKKIM,ASSAMESE,848.0
11.0,SIKKIM,BENGALI ,6986.0
11.0,SIKKIM,BODO ,65.0
11.0,SIKKIM,DOGRI ,261.0
11.0,SIKKIM,GUJARATI,197.0
11.0,SIKKIM,HINDI ,48586.0
11.0,SIKKIM,KANNADA,367.0
11.0,SIKKIM,KASHMIRI ,30.0
11.0,SIKKIM,KONKANI,27.0
11.0,SIKKIM,MAITHILI ,596.0
11.0,SIKKIM,MALAYALAM,899.0
11.0,SIKKIM,MANIPURI ,383.0
11.0,SIKKIM,MARATHI ,1138.0
11.0,SIKKIM,NEPALI ,382200.0
11.0,SIKKIM,ODIA ,985.0
11.0,SIKKIM,PUNJABI ,1954.0
11.0,SIKKIM,SANTALI ,310.0
11.0,SIKKIM,SINDHI,2.0
11.0,SIKKIM,TAMIL ,762.0
11.0,SIKKIM,TELUGU ,1035.0
11.0,SIKKIM,URDU,2001.0
11.0,SIKKIM,ADI ,9.0
11.0,SIKKIM,ANGAMI ,16.0
11.0,SIKKIM,AO ,5.0
11.0,SIKKIM,ARABIC/ARBI ,9.0
11.0,SIKKIM,BHOTIA ,41889.0
11.0,SIKKIM,BISHNUPURIYA,8.0
11.0,SIKKIM,CHANG ,6.0
11.0,SIKKIM,DIMASA ,1.0
11.0,SIKKIM,ENGLISH ,112.0
11.0,SIKKIM,GANGTE ,1.0
11.0,SIKKIM,GARO ,15.0
11.0,SIKKIM,GONDI,203.0
11.0,SIKKIM,HMAR,3.0
11.0,SIKKIM,KABUI ,10.0
11.0,SIKKIM,KARBI/MIKIR ,8.0
11.0,SIKKIM,KHANDESHI,1.0
11.0,SIKKIM,KHARIA ,16.0
11.0,SIKKIM,KHASI ,50.0
11.0,SIKKIM,KHEZHA ,1.0
11.0,SIKKIM,KINNAURI ,2.0
11.0,SIKKIM,KODA/KORA ,33.0
11.0,SIKKIM,KORWA ,1.0
11.0,SIKKIM,KUKI,4.0
11.0,SIKKIM,KURUKH/ORAON ,85.0
11.0,SIKKIM,LADAKHI ,80.0
11.0,SIKKIM,LALUNG ,5.0
11.0,SIKKIM,LEPCHA ,38313.0
11.0,SIKKIM,LIANGMEI ,3.0
11.0,SIKKIM,LIMBU ,38733.0
11.0,SIKKIM,LOTHA ,7.0
11.0,SIKKIM,LUSHAI/MIZO ,49.0
11.0,SIKKIM,MAO,6.0
11.0,SIKKIM,MARAM,2.0
11.0,SIKKIM,MIRI/MISHING,1.0
11.0,SIKKIM,MISHMI ,5.0
11.0,SIKKIM,MONPA ,89.0
11.0,SIKKIM,MUNDA,35.0
11.0,SIKKIM,MUNDARI ,16.0
11.0,SIKKIM,NICOBARESE ,26.0
11.0,SIKKIM,NISSI/DAFLA ,3.0
11.0,SIKKIM,PAITE,10.0
11.0,SIKKIM,PARJI ,1.0
11.0,SIKKIM,RABHA ,19.0
11.0,SIKKIM,RAI ,7471.0
11.0,SIKKIM,SEMA,1.0
11.0,SIKKIM,SHERPA ,13681.0
11.0,SIKKIM,TAMANG ,11734.0
11.0,SIKKIM,TANGKHUL ,12.0
11.0,SIKKIM,THADO ,20.0
11.0,SIKKIM,TIBETAN ,2785.0
11.0,SIKKIM,TRIPURI ,14.0
11.0,SIKKIM,VAIPHEI ,2.0
11.0,SIKKIM,WANCHO,1.0
11.0,SIKKIM,OTHERS,5333.0
12.0,ARUNACHAL PRADESH,ASSAMESE,53951.0
12.0,ARUNACHAL PRADESH,BENGALI ,100579.0
12.0,ARUNACHAL PRADESH,BODO ,7095.0
12.0,ARUNACHAL PRADESH,DOGRI ,994.0
12.0,ARUNACHAL PRADESH,GUJARATI,362.0
12.0,ARUNACHAL PRADESH,HINDI ,98187.0
12.0,ARUNACHAL PRADESH,KANNADA,536.0
12.0,ARUNACHAL PRADESH,KASHMIRI ,108.0
12.0,ARUNACHAL PRADESH,KONKANI,55.0
12.0,ARUNACHAL PRADESH,MAITHILI ,2963.0
12.0,ARUNACHAL PRADESH,MALAYALAM,4012.0
12.0,ARUNACHAL PRADESH,MANIPURI ,2835.0
12.0,ARUNACHAL PRADESH,MARATHI ,2297.0
12.0,ARUNACHAL PRADESH,NEPALI ,95317.0
12.0,ARUNACHAL PRADESH,ODIA ,6820.0
12.0,ARUNACHAL PRADESH,PUNJABI ,3674.0
12.0,ARUNACHAL PRADESH,SANSKRIT ,28.0
12.0,ARUNACHAL PRADESH,SANTALI ,1689.0
12.0,ARUNACHAL PRADESH,SINDHI,12.0
12.0,ARUNACHAL PRADESH,TAMIL ,1246.0
12.0,ARUNACHAL PRADESH,TELUGU ,1653.0
12.0,ARUNACHAL PRADESH,URDU,1294.0
12.0,ARUNACHAL PRADESH,ADI ,240026.0
12.0,ARUNACHAL PRADESH,AFGHANI/KABULI/PASHTO ,202.0
12.0,ARUNACHAL PRADESH,ANAL ,12.0
12.0,ARUNACHAL PRADESH,ANGAMI ,44.0
12.0,ARUNACHAL PRADESH,AO ,1891.0
12.0,ARUNACHAL PRADESH,ARABIC/ARBI ,12.0
12.0,ARUNACHAL PRADESH,BALTI ,2.0
12.0,ARUNACHAL PRADESH,BHILI/BHILODI ,8.0
12.0,ARUNACHAL PRADESH,BHOTIA ,62458.0
12.0,ARUNACHAL PRADESH,BHUMIJ ,2.0
12.0,ARUNACHAL PRADESH,BISHNUPURIYA,64.0
12.0,ARUNACHAL PRADESH,CHAKHESANG ,2.0
12.0,ARUNACHAL PRADESH,CHAKRU/CHOKRI ,3.0
12.0,ARUNACHAL PRADESH,CHANG ,762.0
12.0,ARUNACHAL PRADESH,COORGI/KODAGU ,1.0
12.0,ARUNACHAL PRADESH,DEORI ,4844.0
12.0,ARUNACHAL PRADESH,DIMASA ,215.0
12.0,ARUNACHAL PRADESH,ENGLISH ,108.0
12.0,ARUNACHAL PRADESH,GADABA ,1.0
12.0,ARUNACHAL PRADESH,GANGTE ,4.0
12.0,ARUNACHAL PRADESH,GARO ,6597.0
12.0,ARUNACHAL PRADESH,GONDI,46.0
12.0,ARUNACHAL PRADESH,HALABI,1.0
12.0,ARUNACHAL PRADESH,HALAM ,31.0
12.0,ARUNACHAL PRADESH,HMAR,14.0
12.0,ARUNACHAL PRADESH,HO,6.0
12.0,ARUNACHAL PRADESH,KABUI ,44.0
12.0,ARUNACHAL PRADESH,KARBI/MIKIR ,1536.0
12.0,ARUNACHAL PRADESH,KHARIA ,218.0
12.0,ARUNACHAL PRADESH,KHASI ,210.0
12.0,ARUNACHAL PRADESH,KHEZHA ,7.0
12.0,ARUNACHAL PRADESH,KHIEMNUNGAN,9.0
12.0,ARUNACHAL PRADESH,KINNAURI ,6.0
12.0,ARUNACHAL PRADESH,KISAN ,101.0
12.0,ARUNACHAL PRADESH,KOCH ,11.0
12.0,ARUNACHAL PRADESH,KOM,2.0
12.0,ARUNACHAL PRADESH,KONYAK ,8.0
12.0,ARUNACHAL PRADESH,KORKU ,8.0
12.0,ARUNACHAL PRADESH,KORWA ,69.0
12.0,ARUNACHAL PRADESH,KOYA ,1.0
12.0,ARUNACHAL PRADESH,KUI ,1.0
12.0,ARUNACHAL PRADESH,KUKI,121.0
12.0,ARUNACHAL PRADESH,KURUKH/ORAON ,969.0
12.0,ARUNACHAL PRADESH,LADAKHI ,17.0
12.0,ARUNACHAL PRADESH,LAHAULI ,12.0
12.0,ARUNACHAL PRADESH,LAHNDA ,2.0
12.0,ARUNACHAL PRADESH,LAKHER,10.0
12.0,ARUNACHAL PRADESH,LALUNG ,10.0
12.0,ARUNACHAL PRADESH,LEPCHA ,10.0
12.0,ARUNACHAL PRADESH,LIANGMEI ,1.0
12.0,ARUNACHAL PRADESH,LIMBU ,120.0
12.0,ARUNACHAL PRADESH,LOTHA ,54.0
12.0,ARUNACHAL PRADESH,LUSHAI/MIZO ,1431.0
12.0,ARUNACHAL PRADESH,MALTO ,2.0
12.0,ARUNACHAL PRADESH,MAO,89.0
12.0,ARUNACHAL PRADESH,MARAM,49.0
12.0,ARUNACHAL PRADESH,MARING ,1.0
12.0,ARUNACHAL PRADESH,MIRI/MISHING,10402.0
12.0,ARUNACHAL PRADESH,MISHMI ,42017.0
12.0,ARUNACHAL PRADESH,MOGH ,55.0
12.0,ARUNACHAL PRADESH,MONPA ,12398.0
12.0,ARUNACHAL PRADESH,MUNDA,1427.0
12.0,ARUNACHAL PRADESH,MUNDARI ,1378.0
12.0,ARUNACHAL PRADESH,NICOBARESE ,1.0
12.0,ARUNACHAL PRADESH,NISSI/DAFLA ,395745.0
12.0,ARUNACHAL PRADESH,NOCTE ,30308.0
12.0,ARUNACHAL PRADESH,PAITE,60.0
12.0,ARUNACHAL PRADESH,PARJI ,89.0
12.0,ARUNACHAL PRADESH,PHOM ,649.0
12.0,ARUNACHAL PRADESH,RABHA ,89.0
12.0,ARUNACHAL PRADESH,RAI ,3897.0
12.0,ARUNACHAL PRADESH,RENGMA ,30.0
12.0,ARUNACHAL PRADESH,SANGTAM ,3.0
12.0,ARUNACHAL PRADESH,SAVARA,243.0
12.0,ARUNACHAL PRADESH,SEMA,93.0
12.0,ARUNACHAL PRADESH,SHERPA ,211.0
12.0,ARUNACHAL PRADESH,TAMANG ,1057.0
12.0,ARUNACHAL PRADESH,TANGKHUL ,50.0
12.0,ARUNACHAL PRADESH,TANGSA,36546.0
12.0,ARUNACHAL PRADESH,THADO ,58.0
12.0,ARUNACHAL PRADESH,TIBETAN ,4557.0
12.0,ARUNACHAL PRADESH,TRIPURI ,90.0
12.0,ARUNACHAL PRADESH,TULU ,1.0
12.0,ARUNACHAL PRADESH,VAIPHEI ,9.0
12.0,ARUNACHAL PRADESH,WANCHO,58450.0
12.0,ARUNACHAL PRADESH,YIMCHUNGRE,5.0
12.0,ARUNACHAL PRADESH,ZELIANG ,6.0
12.0,ARUNACHAL PRADESH,ZEMI ,3.0
12.0,ARUNACHAL PRADESH,ZOU ,2.0
12.0,ARUNACHAL PRADESH,OTHERS,75606.0
13.0,NAGALAND,ASSAMESE,17201.0
13.0,NAGALAND,BENGALI ,74753.0
13.0,NAGALAND,BODO ,7372.0
13.0,NAGALAND,DOGRI ,1269.0
13.0,NAGALAND,GUJARATI,277.0
13.0,NAGALAND,HINDI ,62942.0
13.0,NAGALAND,KANNADA,337.0
13.0,NAGALAND,KASHMIRI ,77.0
13.0,NAGALAND,KONKANI,51.0
13.0,NAGALAND,MAITHILI ,1473.0
13.0,NAGALAND,MALAYALAM,2916.0
13.0,NAGALAND,MANIPURI ,9511.0
13.0,NAGALAND,MARATHI ,2659.0
13.0,NAGALAND,NEPALI ,43481.0
13.0,NAGALAND,ODIA ,4565.0
13.0,NAGALAND,PUNJABI ,2249.0
13.0,NAGALAND,SANTALI ,156.0
13.0,NAGALAND,SINDHI,82.0
13.0,NAGALAND,TAMIL ,1127.0
13.0,NAGALAND,TELUGU ,1188.0
13.0,NAGALAND,URDU,1095.0
13.0,NAGALAND,ADI ,95.0
13.0,NAGALAND,AFGHANI/KABULI/PASHTO ,5.0
13.0,NAGALAND,ANAL ,184.0
13.0,NAGALAND,ANGAMI ,151883.0
13.0,NAGALAND,AO ,231084.0
13.0,NAGALAND,ARABIC/ARBI ,21.0
13.0,NAGALAND,BHILI/BHILODI ,20.0
13.0,NAGALAND,BHOTIA ,136.0
13.0,NAGALAND,BHUMIJ ,10.0
13.0,NAGALAND,BISHNUPURIYA,125.0
13.0,NAGALAND,CHAKHESANG ,17919.0
13.0,NAGALAND,CHAKRU/CHOKRI ,91010.0
13.0,NAGALAND,CHANG ,65632.0
13.0,NAGALAND,COORGI/KODAGU ,2.0
13.0,NAGALAND,DEORI ,5.0
13.0,NAGALAND,DIMASA ,4871.0
13.0,NAGALAND,ENGLISH ,419.0
13.0,NAGALAND,GANGTE ,10.0
13.0,NAGALAND,GARO ,2351.0
13.0,NAGALAND,GONDI,17.0
13.0,NAGALAND,HALAM ,4.0
13.0,NAGALAND,HMAR,61.0
13.0,NAGALAND,HO,11.0
13.0,NAGALAND,JUANG ,1.0
13.0,NAGALAND,KABUI ,6968.0
13.0,NAGALAND,KARBI/MIKIR ,584.0
13.0,NAGALAND,KHANDESHI,5.0
13.0,NAGALAND,KHARIA ,164.0
13.0,NAGALAND,KHASI ,721.0
13.0,NAGALAND,KHEZHA ,34218.0
13.0,NAGALAND,KHIEMNUNGAN,61906.0
13.0,NAGALAND,KHOND/KONDH ,1.0
13.0,NAGALAND,KINNAURI ,5.0
13.0,NAGALAND,KISAN ,8.0
13.0,NAGALAND,KOCH ,8.0
13.0,NAGALAND,KOM,49.0
13.0,NAGALAND,KONYAK ,244135.0
13.0,NAGALAND,KOYA ,3.0
13.0,NAGALAND,KUKI,18392.0
13.0,NAGALAND,KURUKH/ORAON ,993.0
13.0,NAGALAND,LAHNDA ,3.0
13.0,NAGALAND,LAKHER,12.0
13.0,NAGALAND,LALUNG ,24.0
13.0,NAGALAND,LEPCHA ,45.0
13.0,NAGALAND,LIANGMEI ,3923.0
13.0,NAGALAND,LIMBU ,32.0
13.0,NAGALAND,LOTHA ,177488.0
13.0,NAGALAND,LUSHAI/MIZO ,1194.0
13.0,NAGALAND,MAO,14490.0
13.0,NAGALAND,MARAM,240.0
13.0,NAGALAND,MARING ,96.0
13.0,NAGALAND,MIRI/MISHING,86.0
13.0,NAGALAND,MISHMI ,33.0
13.0,NAGALAND,MOGH ,9.0
13.0,NAGALAND,MONPA ,11.0
13.0,NAGALAND,MUNDA,279.0
13.0,NAGALAND,MUNDARI ,219.0
13.0,NAGALAND,NISSI/DAFLA ,111.0
13.0,NAGALAND,NOCTE ,75.0
13.0,NAGALAND,PAITE,150.0
13.0,NAGALAND,PARJI ,9.0
13.0,NAGALAND,PAWI ,9.0
13.0,NAGALAND,PHOM ,53674.0
13.0,NAGALAND,POCHURY,21446.0
13.0,NAGALAND,RABHA ,131.0
13.0,NAGALAND,RAI ,17.0
13.0,NAGALAND,RENGMA ,61537.0
13.0,NAGALAND,SANGTAM ,75841.0
13.0,NAGALAND,SAVARA,14.0
13.0,NAGALAND,SEMA,8268.0
13.0,NAGALAND,SHERPA ,13.0
13.0,NAGALAND,TAMANG ,135.0
13.0,NAGALAND,TANGKHUL ,2018.0
13.0,NAGALAND,TANGSA,151.0
13.0,NAGALAND,THADO ,148.0
13.0,NAGALAND,TIBETAN ,207.0
13.0,NAGALAND,TRIPURI ,339.0
13.0,NAGALAND,TULU ,1.0
13.0,NAGALAND,VAIPHEI ,107.0
13.0,NAGALAND,WANCHO,92.0
13.0,NAGALAND,YIMCHUNGRE,74156.0
13.0,NAGALAND,ZELIANG ,60399.0
13.0,NAGALAND,ZEMI ,11165.0
13.0,NAGALAND,ZOU ,31.0
13.0,NAGALAND,OTHERS,241257.0
14.0,MANIPUR,ASSAMESE,2453.0
14.0,MANIPUR,BENGALI ,30611.0
14.0,MANIPUR,BODO ,174.0
14.0,MANIPUR,DOGRI ,1853.0
14.0,MANIPUR,GUJARATI,164.0
14.0,MANIPUR,HINDI ,31703.0
14.0,MANIPUR,KANNADA,639.0
14.0,MANIPUR,KASHMIRI ,48.0
14.0,MANIPUR,KONKANI,32.0
14.0,MANIPUR,MAITHILI ,213.0
14.0,MANIPUR,MALAYALAM,1519.0
14.0,MANIPUR,MANIPURI ,1522132.0
14.0,MANIPUR,MARATHI ,1583.0
14.0,MANIPUR,NEPALI ,63756.0
14.0,MANIPUR,ODIA ,931.0
14.0,MANIPUR,PUNJABI ,1370.0
14.0,MANIPUR,SANSKRIT ,1.0
14.0,MANIPUR,SANTALI ,18.0
14.0,MANIPUR,TAMIL ,1657.0
14.0,MANIPUR,TELUGU ,1098.0
14.0,MANIPUR,URDU,247.0
14.0,MANIPUR,ADI ,78.0
14.0,MANIPUR,AFGHANI/KABULI/PASHTO ,1.0
14.0,MANIPUR,ANAL ,26508.0
14.0,MANIPUR,ANGAMI ,76.0
14.0,MANIPUR,AO ,2529.0
14.0,MANIPUR,ARABIC/ARBI ,5.0
14.0,MANIPUR,BHILI/BHILODI ,2.0
14.0,MANIPUR,BHOTIA ,11.0
14.0,MANIPUR,BISHNUPURIYA,1288.0
14.0,MANIPUR,CHAKHESANG ,1146.0
14.0,MANIPUR,CHAKRU/CHOKRI ,2.0
14.0,MANIPUR,CHANG ,5.0
14.0,MANIPUR,COORGI/KODAGU ,1.0
14.0,MANIPUR,DEORI ,2.0
14.0,MANIPUR,DIMASA ,36.0
14.0,MANIPUR,ENGLISH ,331.0
14.0,MANIPUR,GANGTE ,15274.0
14.0,MANIPUR,GARO ,65.0
14.0,MANIPUR,GONDI,3.0
14.0,MANIPUR,HALAM ,16.0
14.0,MANIPUR,HMAR,49081.0
14.0,MANIPUR,HO,2.0
14.0,MANIPUR,KABUI ,109616.0
14.0,MANIPUR,KARBI/MIKIR ,107.0
14.0,MANIPUR,KHANDESHI,1.0
14.0,MANIPUR,KHARIA ,20.0
14.0,MANIPUR,KHASI ,670.0
14.0,MANIPUR,KHEZHA ,6977.0
14.0,MANIPUR,KHIEMNUNGAN,2.0
14.0,MANIPUR,KHOND/KONDH ,53.0
14.0,MANIPUR,KINNAURI ,1.0
14.0,MANIPUR,KISAN ,179.0
14.0,MANIPUR,KOCH ,2.0
14.0,MANIPUR,KOM,14621.0
14.0,MANIPUR,KONYAK ,36.0
14.0,MANIPUR,KUKI,37805.0
14.0,MANIPUR,KURUKH/ORAON ,36.0
14.0,MANIPUR,LADAKHI ,3.0
14.0,MANIPUR,LAKHER,4.0
14.0,MANIPUR,LEPCHA ,16.0
14.0,MANIPUR,LIANGMEI ,45546.0
14.0,MANIPUR,LIMBU ,169.0
14.0,MANIPUR,LOTHA ,69.0
14.0,MANIPUR,LUSHAI/MIZO ,6500.0
14.0,MANIPUR,MAO,224361.0
14.0,MANIPUR,MARAM,32098.0
14.0,MANIPUR,MARING ,25657.0
14.0,MANIPUR,MIRI/MISHING,10.0
14.0,MANIPUR,MISHMI ,11.0
14.0,MANIPUR,MOGH ,7.0
14.0,MANIPUR,MONPA ,27.0
14.0,MANIPUR,MUNDA,29.0
14.0,MANIPUR,MUNDARI ,4.0
14.0,MANIPUR,NICOBARESE ,2.0
14.0,MANIPUR,NISSI/DAFLA ,21.0
14.0,MANIPUR,NOCTE ,44.0
14.0,MANIPUR,PAITE,55031.0
14.0,MANIPUR,PHOM ,16.0
14.0,MANIPUR,POCHURY,69.0
14.0,MANIPUR,RABHA ,18.0
14.0,MANIPUR,RAI ,146.0
14.0,MANIPUR,RENGMA ,3.0
14.0,MANIPUR,SANGTAM ,10.0
14.0,MANIPUR,SEMA,104.0
14.0,MANIPUR,SHERPA ,26.0
14.0,MANIPUR,TAMANG ,537.0
14.0,MANIPUR,TANGKHUL ,183091.0
14.0,MANIPUR,TANGSA,49.0
14.0,MANIPUR,THADO ,223779.0
14.0,MANIPUR,TIBETAN ,3.0
14.0,MANIPUR,TRIPURI ,208.0
14.0,MANIPUR,TULU ,15.0
14.0,MANIPUR,VAIPHEI ,39902.0
14.0,MANIPUR,WANCHO,42.0
14.0,MANIPUR,YIMCHUNGRE,8497.0
14.0,MANIPUR,ZELIANG ,2727.0
14.0,MANIPUR,ZEMI ,18795.0
14.0,MANIPUR,ZOU ,25861.0
14.0,MANIPUR,OTHERS,33497.0
15.0,MIZORAM,ASSAMESE,1266.0
15.0,MIZORAM,BENGALI ,107840.0
15.0,MIZORAM,BODO ,203.0
15.0,MIZORAM,DOGRI ,193.0
15.0,MIZORAM,GUJARATI,59.0
15.0,MIZORAM,HINDI ,10677.0
15.0,MIZORAM,KANNADA,189.0
15.0,MIZORAM,KASHMIRI ,23.0
15.0,MIZORAM,KONKANI,54.0
15.0,MIZORAM,MAITHILI ,111.0
15.0,MIZORAM,MALAYALAM,718.0
15.0,MIZORAM,MANIPURI ,2242.0
15.0,MIZORAM,MARATHI ,408.0
15.0,MIZORAM,NEPALI ,8994.0
15.0,MIZORAM,ODIA ,277.0
15.0,MIZORAM,PUNJABI ,349.0
15.0,MIZORAM,SANTALI ,1150.0
15.0,MIZORAM,TAMIL ,306.0
15.0,MIZORAM,TELUGU ,334.0
15.0,MIZORAM,URDU,113.0
15.0,MIZORAM,ADI ,26.0
15.0,MIZORAM,ANAL ,4.0
15.0,MIZORAM,ANGAMI ,10.0
15.0,MIZORAM,AO ,39.0
15.0,MIZORAM,ARABIC/ARBI ,35.0
15.0,MIZORAM,BHILI/BHILODI ,17.0
15.0,MIZORAM,BHOTIA ,1.0
15.0,MIZORAM,BHUMIJ ,559.0
15.0,MIZORAM,BISHNUPURIYA,42.0
15.0,MIZORAM,CHAKHESANG ,6.0
15.0,MIZORAM,CHAKRU/CHOKRI ,5.0
15.0,MIZORAM,CHANG ,1.0
15.0,MIZORAM,COORGI/KODAGU ,1.0
15.0,MIZORAM,DEORI ,3.0
15.0,MIZORAM,DIMASA ,36.0
15.0,MIZORAM,ENGLISH ,61.0
15.0,MIZORAM,GANGTE ,705.0
15.0,MIZORAM,GARO ,94.0
15.0,MIZORAM,HALABI,1.0
15.0,MIZORAM,HALAM ,375.0
15.0,MIZORAM,HMAR,17981.0
15.0,MIZORAM,HO,2.0
15.0,MIZORAM,KABUI ,15.0
15.0,MIZORAM,KARBI/MIKIR ,8.0
15.0,MIZORAM,KHARIA ,6.0
15.0,MIZORAM,KHASI ,707.0
15.0,MIZORAM,KINNAURI ,1.0
15.0,MIZORAM,KISAN ,1.0
15.0,MIZORAM,KOCH ,3.0
15.0,MIZORAM,KOM,1.0
15.0,MIZORAM,KONYAK ,7.0
15.0,MIZORAM,KUKI,295.0
15.0,MIZORAM,KURUKH/ORAON ,42.0
15.0,MIZORAM,LADAKHI ,4.0
15.0,MIZORAM,LAHAULI ,1.0
15.0,MIZORAM,LAKHER,41876.0
15.0,MIZORAM,LEPCHA ,3.0
15.0,MIZORAM,LIANGMEI ,1.0
15.0,MIZORAM,LIMBU ,1.0
15.0,MIZORAM,LOTHA ,9.0
15.0,MIZORAM,LUSHAI/MIZO ,802763.0
15.0,MIZORAM,MAO,13.0
15.0,MIZORAM,MARAM,2.0
15.0,MIZORAM,MARING ,2.0
15.0,MIZORAM,MIRI/MISHING,18.0
15.0,MIZORAM,MISHMI ,4.0
15.0,MIZORAM,MOGH ,330.0
15.0,MIZORAM,MONPA ,4.0
15.0,MIZORAM,MUNDA,26.0
15.0,MIZORAM,MUNDARI ,7.0
15.0,MIZORAM,NISSI/DAFLA ,22.0
15.0,MIZORAM,NOCTE ,4.0
15.0,MIZORAM,PAITE,22214.0
15.0,MIZORAM,PAWI ,28624.0
15.0,MIZORAM,RABHA ,8.0
15.0,MIZORAM,RAI ,23.0
15.0,MIZORAM,RENGMA ,7.0
15.0,MIZORAM,SANGTAM ,1.0
15.0,MIZORAM,SAVARA,1.0
15.0,MIZORAM,SEMA,5.0
15.0,MIZORAM,TAMANG ,17.0
15.0,MIZORAM,TANGKHUL ,20.0
15.0,MIZORAM,TANGSA,5.0
15.0,MIZORAM,THADO ,476.0
15.0,MIZORAM,TIBETAN ,1.0
15.0,MIZORAM,TRIPURI ,32634.0
15.0,MIZORAM,TULU ,6.0
15.0,MIZORAM,VAIPHEI ,339.0
15.0,MIZORAM,WANCHO,57.0
15.0,MIZORAM,ZELIANG ,9.0
15.0,MIZORAM,ZEMI ,26.0
15.0,MIZORAM,ZOU ,128.0
15.0,MIZORAM,OTHERS,10919.0
16.0,TRIPURA,ASSAMESE,2129.0
16.0,TRIPURA,BENGALI ,2414774.0
16.0,TRIPURA,BODO ,511.0
16.0,TRIPURA,DOGRI ,534.0
16.0,TRIPURA,GUJARATI,1384.0
16.0,TRIPURA,HINDI ,77701.0
16.0,TRIPURA,KANNADA,675.0
16.0,TRIPURA,KASHMIRI ,161.0
16.0,TRIPURA,KONKANI,44.0
16.0,TRIPURA,MAITHILI ,294.0
16.0,TRIPURA,MALAYALAM,1173.0
16.0,TRIPURA,MANIPURI ,23779.0
16.0,TRIPURA,MARATHI ,1412.0
16.0,TRIPURA,NEPALI ,2787.0
16.0,TRIPURA,ODIA ,25967.0
16.0,TRIPURA,PUNJABI ,997.0
16.0,TRIPURA,SANSKRIT ,12.0
16.0,TRIPURA,SANTALI ,3975.0
16.0,TRIPURA,SINDHI,30.0
16.0,TRIPURA,TAMIL ,929.0
16.0,TRIPURA,TELUGU ,3845.0
16.0,TRIPURA,URDU,526.0
16.0,TRIPURA,ADI ,17.0
16.0,TRIPURA,AFGHANI/KABULI/PASHTO ,2.0
16.0,TRIPURA,ANAL ,2.0
16.0,TRIPURA,ANGAMI ,3.0
16.0,TRIPURA,AO ,19316.0
16.0,TRIPURA,ARABIC/ARBI ,347.0
16.0,TRIPURA,BHILI/BHILODI ,397.0
16.0,TRIPURA,BHOTIA ,3.0
16.0,TRIPURA,BHUMIJ ,312.0
16.0,TRIPURA,BISHNUPURIYA,22112.0
16.0,TRIPURA,CHAKRU/CHOKRI ,29.0
16.0,TRIPURA,DEORI ,2.0
16.0,TRIPURA,DIMASA ,16.0
16.0,TRIPURA,ENGLISH ,54.0
16.0,TRIPURA,GANGTE ,18.0
16.0,TRIPURA,GARO ,21019.0
16.0,TRIPURA,GONDI,634.0
16.0,TRIPURA,HALABI,9.0
16.0,TRIPURA,HALAM ,23089.0
16.0,TRIPURA,HMAR,171.0
16.0,TRIPURA,HO,12.0
16.0,TRIPURA,KABUI ,10.0
16.0,TRIPURA,KARBI/MIKIR ,12.0
16.0,TRIPURA,KHANDESHI,3.0
16.0,TRIPURA,KHARIA ,265.0
16.0,TRIPURA,KHASI ,1257.0
16.0,TRIPURA,KHEZHA ,5.0
16.0,TRIPURA,KHIEMNUNGAN,2.0
16.0,TRIPURA,KHOND/KONDH ,3.0
16.0,TRIPURA,KINNAURI ,1.0
16.0,TRIPURA,KOCH ,67.0
16.0,TRIPURA,KODA/KORA ,64.0
16.0,TRIPURA,KOM,1.0
16.0,TRIPURA,KONDA,6.0
16.0,TRIPURA,KONYAK ,2.0
16.0,TRIPURA,KORWA ,6.0
16.0,TRIPURA,KUKI,1693.0
16.0,TRIPURA,KURUKH/ORAON ,7145.0
16.0,TRIPURA,LADAKHI ,1.0
16.0,TRIPURA,LAHNDA ,6.0
16.0,TRIPURA,LAKHER,8.0
16.0,TRIPURA,LALUNG ,4.0
16.0,TRIPURA,LEPCHA ,1.0
16.0,TRIPURA,LIANGMEI ,11.0
16.0,TRIPURA,LIMBU ,2.0
16.0,TRIPURA,LOTHA ,4.0
16.0,TRIPURA,LUSHAI/MIZO ,5639.0
16.0,TRIPURA,MALTO ,105.0
16.0,TRIPURA,MAO,11.0
16.0,TRIPURA,MARING ,1.0
16.0,TRIPURA,MIRI/MISHING,6.0
16.0,TRIPURA,MISHMI ,14.0
16.0,TRIPURA,MOGH ,35722.0
16.0,TRIPURA,MONPA ,1.0
16.0,TRIPURA,MUNDA,9644.0
16.0,TRIPURA,MUNDARI ,185.0
16.0,TRIPURA,NICOBARESE ,1.0
16.0,TRIPURA,NISSI/DAFLA ,14.0
16.0,TRIPURA,NOCTE ,3.0
16.0,TRIPURA,PAITE,30.0
16.0,TRIPURA,POCHURY,1.0
16.0,TRIPURA,RABHA ,43.0
16.0,TRIPURA,SANGTAM ,2.0
16.0,TRIPURA,SAVARA,4620.0
16.0,TRIPURA,SEMA,3.0
16.0,TRIPURA,TANGKHUL ,27.0
16.0,TRIPURA,TANGSA,4.0
16.0,TRIPURA,THADO ,9.0
16.0,TRIPURA,TIBETAN ,2.0
16.0,TRIPURA,TRIPURI ,950875.0
16.0,TRIPURA,TULU ,6.0
16.0,TRIPURA,VAIPHEI ,2.0
16.0,TRIPURA,WANCHO,3.0
16.0,TRIPURA,YIMCHUNGRE,8.0
16.0,TRIPURA,ZELIANG ,10.0
16.0,TRIPURA,ZOU ,4.0
16.0,TRIPURA,OTHERS,5140.0
17.0,MEGHALAYA,ASSAMESE,39628.0
17.0,MEGHALAYA,BENGALI ,232525.0
17.0,MEGHALAYA,BODO ,4879.0
17.0,MEGHALAYA,DOGRI ,426.0
17.0,MEGHALAYA,GUJARATI,343.0
17.0,MEGHALAYA,HINDI ,62905.0
17.0,MEGHALAYA,KANNADA,454.0
17.0,MEGHALAYA,KASHMIRI ,79.0
17.0,MEGHALAYA,KONKANI,68.0
17.0,MEGHALAYA,MAITHILI ,881.0
17.0,MEGHALAYA,MALAYALAM,1789.0
17.0,MEGHALAYA,MANIPURI ,4451.0
17.0,MEGHALAYA,MARATHI ,20751.0
17.0,MEGHALAYA,NEPALI ,54716.0
17.0,MEGHALAYA,ODIA ,1518.0
17.0,MEGHALAYA,PUNJABI ,4540.0
17.0,MEGHALAYA,SANSKRIT ,9.0
17.0,MEGHALAYA,SANTALI ,240.0
17.0,MEGHALAYA,SINDHI,236.0
17.0,MEGHALAYA,TAMIL ,913.0
17.0,MEGHALAYA,TELUGU ,1277.0
17.0,MEGHALAYA,URDU,2129.0
17.0,MEGHALAYA,ADI ,390.0
17.0,MEGHALAYA,AFGHANI/KABULI/PASHTO ,7.0
17.0,MEGHALAYA,ANAL ,219.0
17.0,MEGHALAYA,ANGAMI ,89.0
17.0,MEGHALAYA,AO ,423.0
17.0,MEGHALAYA,ARABIC/ARBI ,7.0
17.0,MEGHALAYA,BHILI/BHILODI ,13.0
17.0,MEGHALAYA,BHOTIA ,207.0
17.0,MEGHALAYA,BISHNUPURIYA,332.0
17.0,MEGHALAYA,CHAKHESANG ,25.0
17.0,MEGHALAYA,CHAKRU/CHOKRI ,17.0
17.0,MEGHALAYA,CHANG ,10.0
17.0,MEGHALAYA,COORGI/KODAGU ,1.0
17.0,MEGHALAYA,DEORI ,26.0
17.0,MEGHALAYA,DIMASA ,284.0
17.0,MEGHALAYA,ENGLISH ,311.0
17.0,MEGHALAYA,GANGTE ,281.0
17.0,MEGHALAYA,GARO ,936496.0
17.0,MEGHALAYA,HALAM ,108.0
17.0,MEGHALAYA,HMAR,1994.0
17.0,MEGHALAYA,HO,2.0
17.0,MEGHALAYA,JATAPU ,1.0
17.0,MEGHALAYA,KABUI ,208.0
17.0,MEGHALAYA,KARBI/MIKIR ,14380.0
17.0,MEGHALAYA,KHANDESHI,1.0
17.0,MEGHALAYA,KHARIA ,20.0
17.0,MEGHALAYA,KHASI ,1382278.0
17.0,MEGHALAYA,KHEZHA ,17.0
17.0,MEGHALAYA,KHIEMNUNGAN,2.0
17.0,MEGHALAYA,KHOND/KONDH ,1.0
17.0,MEGHALAYA,KOCH ,23199.0
17.0,MEGHALAYA,KODA/KORA ,3.0
17.0,MEGHALAYA,KOM,79.0
17.0,MEGHALAYA,KONDA,1.0
17.0,MEGHALAYA,KONYAK ,27.0
17.0,MEGHALAYA,KORWA ,4.0
17.0,MEGHALAYA,KOYA ,1.0
17.0,MEGHALAYA,KUI ,1.0
17.0,MEGHALAYA,KUKI,1367.0
17.0,MEGHALAYA,KURUKH/ORAON ,176.0
17.0,MEGHALAYA,LAHNDA ,5.0
17.0,MEGHALAYA,LAKHER,91.0
17.0,MEGHALAYA,LALUNG ,2057.0
17.0,MEGHALAYA,LEPCHA ,17.0
17.0,MEGHALAYA,LIANGMEI ,39.0
17.0,MEGHALAYA,LIMBU ,15.0
17.0,MEGHALAYA,LOTHA ,228.0
17.0,MEGHALAYA,LUSHAI/MIZO ,4455.0
17.0,MEGHALAYA,MAO,225.0
17.0,MEGHALAYA,MARING ,2.0
17.0,MEGHALAYA,MIRI/MISHING,131.0
17.0,MEGHALAYA,MISHMI ,30.0
17.0,MEGHALAYA,MOGH ,4.0
17.0,MEGHALAYA,MONPA ,90.0
17.0,MEGHALAYA,MUNDA,761.0
17.0,MEGHALAYA,MUNDARI ,27.0
17.0,MEGHALAYA,NISSI/DAFLA ,318.0
17.0,MEGHALAYA,NOCTE ,74.0
17.0,MEGHALAYA,PAITE,770.0
17.0,MEGHALAYA,PAWI ,4.0
17.0,MEGHALAYA,PHOM ,13.0
17.0,MEGHALAYA,RABHA ,21671.0
17.0,MEGHALAYA,RAI ,7.0
17.0,MEGHALAYA,RENGMA ,49.0
17.0,MEGHALAYA,SANGTAM ,26.0
17.0,MEGHALAYA,SAVARA,16.0
17.0,MEGHALAYA,SEMA,66.0
17.0,MEGHALAYA,TAMANG ,30.0
17.0,MEGHALAYA,TANGKHUL ,951.0
17.0,MEGHALAYA,TANGSA,37.0
17.0,MEGHALAYA,THADO ,1082.0
17.0,MEGHALAYA,TIBETAN ,499.0
17.0,MEGHALAYA,TRIPURI ,2735.0
17.0,MEGHALAYA,TULU ,43.0
17.0,MEGHALAYA,VAIPHEI ,960.0
17.0,MEGHALAYA,WANCHO,105.0
17.0,MEGHALAYA,YIMCHUNGRE,23.0
17.0,MEGHALAYA,ZELIANG ,302.0
17.0,MEGHALAYA,ZEMI ,26.0
17.0,MEGHALAYA,ZOU ,292.0
17.0,MEGHALAYA,OTHERS,130848.0
18.0,ASSAM,ASSAMESE,15095797.0
18.0,ASSAM,BENGALI ,9024324.0
18.0,ASSAM,BODO ,1416125.0
18.0,ASSAM,DOGRI ,1561.0
18.0,ASSAM,GUJARATI,7660.0
18.0,ASSAM,HINDI ,2101435.0
18.0,ASSAM,KANNADA,2597.0
18.0,ASSAM,KASHMIRI ,357.0
18.0,ASSAM,KONKANI,413.0
18.0,ASSAM,MAITHILI ,6034.0
18.0,ASSAM,MALAYALAM,5768.0
18.0,ASSAM,MANIPURI ,168133.0
18.0,ASSAM,MARATHI ,11641.0
18.0,ASSAM,NEPALI ,596210.0
18.0,ASSAM,ODIA ,218552.0
18.0,ASSAM,PUNJABI ,23313.0
18.0,ASSAM,SANSKRIT ,104.0
18.0,ASSAM,SANTALI ,213139.0
18.0,ASSAM,SINDHI,19646.0
18.0,ASSAM,TAMIL ,5229.0
18.0,ASSAM,TELUGU ,26630.0
18.0,ASSAM,URDU,8293.0
18.0,ASSAM,ADI ,3705.0
18.0,ASSAM,AFGHANI/KABULI/PASHTO ,173.0
18.0,ASSAM,ANAL ,35.0
18.0,ASSAM,ANGAMI ,87.0
18.0,ASSAM,AO ,4092.0
18.0,ASSAM,ARABIC/ARBI ,3127.0
18.0,ASSAM,BALTI ,4.0
18.0,ASSAM,BHILI/BHILODI ,3038.0
18.0,ASSAM,BHOTIA ,128.0
18.0,ASSAM,BHUMIJ ,952.0
18.0,ASSAM,BISHNUPURIYA,53867.0
18.0,ASSAM,CHAKHESANG ,709.0
18.0,ASSAM,CHAKRU/CHOKRI ,34.0
18.0,ASSAM,CHANG ,125.0
18.0,ASSAM,COORGI/KODAGU ,15.0
18.0,ASSAM,DEORI ,27441.0
18.0,ASSAM,DIMASA ,131474.0
18.0,ASSAM,ENGLISH ,1287.0
18.0,ASSAM,GANGTE ,54.0
18.0,ASSAM,GARO ,172520.0
18.0,ASSAM,GONDI,5855.0
18.0,ASSAM,HALABI,6.0
18.0,ASSAM,HALAM ,8679.0
18.0,ASSAM,HMAR,29323.0
18.0,ASSAM,HO,598.0
18.0,ASSAM,JATAPU ,14.0
18.0,ASSAM,KABUI ,5616.0
18.0,ASSAM,KARBI/MIKIR ,511732.0
18.0,ASSAM,KHANDESHI,2.0
18.0,ASSAM,KHARIA ,8921.0
18.0,ASSAM,KHASI ,41847.0
18.0,ASSAM,KHEZHA ,7.0
18.0,ASSAM,KHIEMNUNGAN,30.0
18.0,ASSAM,KHOND/KONDH ,192.0
18.0,ASSAM,KINNAURI ,2.0
18.0,ASSAM,KISAN ,648.0
18.0,ASSAM,KOCH ,12550.0
18.0,ASSAM,KODA/KORA ,110.0
18.0,ASSAM,KOM,10.0
18.0,ASSAM,KONDA,87.0
18.0,ASSAM,KONYAK ,157.0
18.0,ASSAM,KORWA ,317.0
18.0,ASSAM,KOYA ,363.0
18.0,ASSAM,KUI ,518.0
18.0,ASSAM,KUKI,22327.0
18.0,ASSAM,KURUKH/ORAON ,73437.0
18.0,ASSAM,LADAKHI ,19.0
18.0,ASSAM,LAHAULI ,7.0
18.0,ASSAM,LAHNDA ,10.0
18.0,ASSAM,LAKHER,41.0
18.0,ASSAM,LALUNG ,31821.0
18.0,ASSAM,LEPCHA ,10.0
18.0,ASSAM,LIANGMEI ,95.0
18.0,ASSAM,LIMBU ,780.0
18.0,ASSAM,LOTHA ,1188.0
18.0,ASSAM,LUSHAI/MIZO ,4006.0
18.0,ASSAM,MALTO ,371.0
18.0,ASSAM,MAO,153.0
18.0,ASSAM,MARAM,21.0
18.0,ASSAM,MIRI/MISHING,619197.0
18.0,ASSAM,MISHMI ,1578.0
18.0,ASSAM,MOGH ,325.0
18.0,ASSAM,MONPA ,56.0
18.0,ASSAM,MUNDA,71903.0
18.0,ASSAM,MUNDARI ,23813.0
18.0,ASSAM,NICOBARESE ,1.0
18.0,ASSAM,NISSI/DAFLA ,1403.0
18.0,ASSAM,NOCTE ,279.0
18.0,ASSAM,PAITE,299.0
18.0,ASSAM,PARJI ,5693.0
18.0,ASSAM,PAWI ,1.0
18.0,ASSAM,PHOM ,24.0
18.0,ASSAM,POCHURY,32.0
18.0,ASSAM,RABHA ,101752.0
18.0,ASSAM,RAI ,1110.0
18.0,ASSAM,RENGMA ,3149.0
18.0,ASSAM,SANGTAM ,82.0
18.0,ASSAM,SAVARA,5900.0
18.0,ASSAM,SEMA,1945.0
18.0,ASSAM,SHERPA ,124.0
18.0,ASSAM,SHINA,103.0
18.0,ASSAM,TAMANG ,2063.0
18.0,ASSAM,TANGKHUL ,148.0
18.0,ASSAM,TANGSA,1723.0
18.0,ASSAM,THADO ,2540.0
18.0,ASSAM,TIBETAN ,522.0
18.0,ASSAM,TRIPURI ,22890.0
18.0,ASSAM,TULU ,91.0
18.0,ASSAM,VAIPHEI ,1094.0
18.0,ASSAM,WANCHO,345.0
18.0,ASSAM,YIMCHUNGRE,450.0
18.0,ASSAM,ZELIANG ,44.0
18.0,ASSAM,ZEMI ,20723.0
18.0,ASSAM,ZOU ,40.0
18.0,ASSAM,OTHERS,196436.0
19.0,WEST BENGAL,ASSAMESE,7342.0
19.0,WEST BENGAL,BENGALI ,78698852.0
19.0,WEST BENGAL,BODO ,42739.0
19.0,WEST BENGAL,DOGRI ,1557.0
19.0,WEST BENGAL,GUJARATI,41371.0
19.0,WEST BENGAL,HINDI ,6356059.0
19.0,WEST BENGAL,KANNADA,2192.0
19.0,WEST BENGAL,KASHMIRI ,624.0
19.0,WEST BENGAL,KONKANI,506.0
19.0,WEST BENGAL,MAITHILI ,29741.0
19.0,WEST BENGAL,MALAYALAM,10952.0
19.0,WEST BENGAL,MANIPURI ,2010.0
19.0,WEST BENGAL,MARATHI ,14815.0
19.0,WEST BENGAL,NEPALI ,1155375.0
19.0,WEST BENGAL,ODIA ,162142.0
19.0,WEST BENGAL,PUNJABI ,61080.0
19.0,WEST BENGAL,SANSKRIT ,1200.0
19.0,WEST BENGAL,SANTALI ,2429073.0
19.0,WEST BENGAL,SINDHI,7828.0
19.0,WEST BENGAL,TAMIL ,15930.0
19.0,WEST BENGAL,TELUGU ,88352.0
19.0,WEST BENGAL,URDU,1663519.0
19.0,WEST BENGAL,ADI ,527.0
19.0,WEST BENGAL,AFGHANI/KABULI/PASHTO ,118.0
19.0,WEST BENGAL,ANAL ,14.0
19.0,WEST BENGAL,ANGAMI ,89.0
19.0,WEST BENGAL,AO ,192.0
19.0,WEST BENGAL,ARABIC/ARBI ,4479.0
19.0,WEST BENGAL,BALTI ,5.0
19.0,WEST BENGAL,BHILI/BHILODI ,689.0
19.0,WEST BENGAL,BHOTIA ,4293.0
19.0,WEST BENGAL,BHUMIJ ,6977.0
19.0,WEST BENGAL,BISHNUPURIYA,26.0
19.0,WEST BENGAL,CHAKHESANG ,14.0
19.0,WEST BENGAL,CHAKRU/CHOKRI ,14.0
19.0,WEST BENGAL,CHANG ,24.0
19.0,WEST BENGAL,COORGI/KODAGU ,2.0
19.0,WEST BENGAL,DEORI ,1.0
19.0,WEST BENGAL,DIMASA ,7.0
19.0,WEST BENGAL,ENGLISH ,14945.0
19.0,WEST BENGAL,GADABA ,5.0
19.0,WEST BENGAL,GANGTE ,5.0
19.0,WEST BENGAL,GARO ,1729.0
19.0,WEST BENGAL,GONDI,605.0
19.0,WEST BENGAL,HALAM ,36.0
19.0,WEST BENGAL,HMAR,23.0
19.0,WEST BENGAL,HO,6055.0
19.0,WEST BENGAL,JATAPU ,4.0
19.0,WEST BENGAL,KABUI ,18.0
19.0,WEST BENGAL,KARBI/MIKIR ,4.0
19.0,WEST BENGAL,KHANDESHI,8.0
19.0,WEST BENGAL,KHARIA ,6876.0
19.0,WEST BENGAL,KHASI ,232.0
19.0,WEST BENGAL,KHEZHA ,2.0
19.0,WEST BENGAL,KHIEMNUNGAN,6.0
19.0,WEST BENGAL,KHOND/KONDH ,402.0
19.0,WEST BENGAL,KINNAURI ,16.0
19.0,WEST BENGAL,KISAN ,10277.0
19.0,WEST BENGAL,KOCH ,427.0
19.0,WEST BENGAL,KODA/KORA ,40741.0
19.0,WEST BENGAL,KOM,26.0
19.0,WEST BENGAL,KONDA,14.0
19.0,WEST BENGAL,KONYAK ,47.0
19.0,WEST BENGAL,KORWA ,2009.0
19.0,WEST BENGAL,KOYA ,1.0
19.0,WEST BENGAL,KUI ,3.0
19.0,WEST BENGAL,KUKI,173.0
19.0,WEST BENGAL,KURUKH/ORAON ,171909.0
19.0,WEST BENGAL,LADAKHI ,25.0
19.0,WEST BENGAL,LAHNDA ,8.0
19.0,WEST BENGAL,LAKHER,16.0
19.0,WEST BENGAL,LEPCHA ,8637.0
19.0,WEST BENGAL,LIANGMEI ,41.0
19.0,WEST BENGAL,LIMBU ,921.0
19.0,WEST BENGAL,LOTHA ,124.0
19.0,WEST BENGAL,LUSHAI/MIZO ,523.0
19.0,WEST BENGAL,MALTO ,5057.0
19.0,WEST BENGAL,MAO,32.0
19.0,WEST BENGAL,MARAM,2.0
19.0,WEST BENGAL,MARING ,12.0
19.0,WEST BENGAL,MIRI/MISHING,7.0
19.0,WEST BENGAL,MISHMI ,40.0
19.0,WEST BENGAL,MOGH ,60.0
19.0,WEST BENGAL,MONPA ,10.0
19.0,WEST BENGAL,MUNDA,43686.0
19.0,WEST BENGAL,MUNDARI ,29594.0
19.0,WEST BENGAL,NICOBARESE ,2.0
19.0,WEST BENGAL,NISSI/DAFLA ,23.0
19.0,WEST BENGAL,NOCTE ,8.0
19.0,WEST BENGAL,PAITE,50.0
19.0,WEST BENGAL,PARJI ,151.0
19.0,WEST BENGAL,PHOM ,15.0
19.0,WEST BENGAL,POCHURY,5.0
19.0,WEST BENGAL,RABHA ,14387.0
19.0,WEST BENGAL,RAI ,379.0
19.0,WEST BENGAL,RENGMA ,15.0
19.0,WEST BENGAL,SANGTAM ,6.0
19.0,WEST BENGAL,SAVARA,24915.0
19.0,WEST BENGAL,SEMA,53.0
19.0,WEST BENGAL,SHERPA ,1311.0
19.0,WEST BENGAL,SHINA,12.0
19.0,WEST BENGAL,TAMANG ,3821.0
19.0,WEST BENGAL,TANGKHUL ,57.0
19.0,WEST BENGAL,THADO ,50.0
19.0,WEST BENGAL,TIBETAN ,8500.0
19.0,WEST BENGAL,TRIPURI ,120.0
19.0,WEST BENGAL,TULU ,136.0
19.0,WEST BENGAL,VAIPHEI ,39.0
19.0,WEST BENGAL,WANCHO,10.0
19.0,WEST BENGAL,YIMCHUNGRE,28.0
19.0,WEST BENGAL,ZELIANG ,10.0
19.0,WEST BENGAL,ZOU ,15.0
19.0,WEST BENGAL,OTHERS,65874.0
20.0,JHARKHAND,ASSAMESE,1324.0
20.0,JHARKHAND,BENGALI ,3213423.0
20.0,JHARKHAND,BODO ,92.0
20.0,JHARKHAND,DOGRI ,279.0
20.0,JHARKHAND,GUJARATI,22109.0
20.0,JHARKHAND,HINDI ,20436026.0
20.0,JHARKHAND,KANNADA,1324.0
20.0,JHARKHAND,KASHMIRI ,296.0
20.0,JHARKHAND,KONKANI,265.0
20.0,JHARKHAND,MAITHILI ,138167.0
20.0,JHARKHAND,MALAYALAM,6549.0
20.0,JHARKHAND,MANIPURI ,364.0
20.0,JHARKHAND,MARATHI ,8481.0
20.0,JHARKHAND,NEPALI ,16956.0
20.0,JHARKHAND,ODIA ,531077.0
20.0,JHARKHAND,PUNJABI ,78712.0
20.0,JHARKHAND,SANSKRIT ,853.0
20.0,JHARKHAND,SANTALI ,3269897.0
20.0,JHARKHAND,SINDHI,1701.0
20.0,JHARKHAND,TAMIL ,10061.0
20.0,JHARKHAND,TELUGU ,30704.0
20.0,JHARKHAND,URDU,1965652.0
20.0,JHARKHAND,ADI ,732.0
20.0,JHARKHAND,AFGHANI/KABULI/PASHTO ,8.0
20.0,JHARKHAND,ANAL ,7.0
20.0,JHARKHAND,ANGAMI ,3.0
20.0,JHARKHAND,AO ,2.0
20.0,JHARKHAND,ARABIC/ARBI ,2095.0
20.0,JHARKHAND,BHILI/BHILODI ,416.0
20.0,JHARKHAND,BHUMIJ ,11275.0
20.0,JHARKHAND,BISHNUPURIYA,4.0
20.0,JHARKHAND,CHAKRU/CHOKRI ,1.0
20.0,JHARKHAND,CHANG ,4.0
20.0,JHARKHAND,COORGI/KODAGU ,9.0
20.0,JHARKHAND,DEORI ,1.0
20.0,JHARKHAND,DIMASA ,12.0
20.0,JHARKHAND,ENGLISH ,2431.0
20.0,JHARKHAND,GANGTE ,16.0
20.0,JHARKHAND,GARO ,3.0
20.0,JHARKHAND,GONDI,1621.0
20.0,JHARKHAND,HALABI,4.0
20.0,JHARKHAND,HALAM ,2.0
20.0,JHARKHAND,HO,994302.0
20.0,JHARKHAND,KABUI ,6.0
20.0,JHARKHAND,KARBI/MIKIR ,1.0
20.0,JHARKHAND,KHANDESHI,62.0
20.0,JHARKHAND,KHARIA ,140148.0
20.0,JHARKHAND,KHASI ,4.0
20.0,JHARKHAND,KINNAURI ,1.0
20.0,JHARKHAND,KISAN ,59.0
20.0,JHARKHAND,KOCH ,2.0
20.0,JHARKHAND,KODA/KORA ,3321.0
20.0,JHARKHAND,KOM,1.0
20.0,JHARKHAND,KONDA,177.0
20.0,JHARKHAND,KORWA ,2341.0
20.0,JHARKHAND,KUI ,7.0
20.0,JHARKHAND,KUKI,6.0
20.0,JHARKHAND,KURUKH/ORAON ,952164.0
20.0,JHARKHAND,LADAKHI ,1.0
20.0,JHARKHAND,LAHAULI ,3.0
20.0,JHARKHAND,LAHNDA ,83.0
20.0,JHARKHAND,LEPCHA ,1.0
20.0,JHARKHAND,LIMBU ,1.0
20.0,JHARKHAND,LOTHA ,4.0
20.0,JHARKHAND,LUSHAI/MIZO ,47.0
20.0,JHARKHAND,MALTO ,151565.0
20.0,JHARKHAND,MAO,84.0
20.0,JHARKHAND,MARING ,1.0
20.0,JHARKHAND,MIRI/MISHING,5.0
20.0,JHARKHAND,MISHMI ,2.0
20.0,JHARKHAND,MOGH ,6.0
20.0,JHARKHAND,MONPA ,5.0
20.0,JHARKHAND,MUNDA,23907.0
20.0,JHARKHAND,MUNDARI ,942108.0
20.0,JHARKHAND,NICOBARESE ,4.0
20.0,JHARKHAND,NISSI/DAFLA ,8.0
20.0,JHARKHAND,PAITE,4.0
20.0,JHARKHAND,RABHA ,3.0
20.0,JHARKHAND,RAI ,49.0
20.0,JHARKHAND,SANGTAM ,2.0
20.0,JHARKHAND,SAVARA,94.0
20.0,JHARKHAND,SEMA,2.0
20.0,JHARKHAND,TANGKHUL ,2.0
20.0,JHARKHAND,TANGSA,1.0
20.0,JHARKHAND,THADO ,3.0
20.0,JHARKHAND,TIBETAN ,5.0
20.0,JHARKHAND,TRIPURI ,29.0
20.0,JHARKHAND,TULU ,83.0
20.0,JHARKHAND,VAIPHEI ,1.0
20.0,JHARKHAND,YIMCHUNGRE,1.0
20.0,JHARKHAND,ZOU ,2.0
20.0,JHARKHAND,OTHERS,24458.0
21.0,ODISHA,ASSAMESE,1123.0
21.0,ODISHA,BENGALI ,504570.0
21.0,ODISHA,BODO ,24.0
21.0,ODISHA,DOGRI ,353.0
21.0,ODISHA,GUJARATI,14856.0
21.0,ODISHA,HINDI ,1239037.0
21.0,ODISHA,KANNADA,3673.0
21.0,ODISHA,KASHMIRI ,140.0
21.0,ODISHA,KONKANI,7587.0
21.0,ODISHA,MAITHILI ,2438.0
21.0,ODISHA,MALAYALAM,9004.0
21.0,ODISHA,MANIPURI ,306.0
21.0,ODISHA,MARATHI ,8617.0
21.0,ODISHA,NEPALI ,8654.0
21.0,ODISHA,ODIA ,34712170.0
21.0,ODISHA,PUNJABI ,19470.0
21.0,ODISHA,SANSKRIT ,534.0
21.0,ODISHA,SANTALI ,862590.0
21.0,ODISHA,SINDHI,2338.0
21.0,ODISHA,TAMIL ,6155.0
21.0,ODISHA,TELUGU ,667693.0
21.0,ODISHA,URDU,670572.0
21.0,ODISHA,ADI ,12.0
21.0,ODISHA,AFGHANI/KABULI/PASHTO ,12.0
21.0,ODISHA,ANGAMI ,4.0
21.0,ODISHA,ARABIC/ARBI ,230.0
21.0,ODISHA,BHILI/BHILODI ,1213.0
21.0,ODISHA,BHUMIJ ,5912.0
21.0,ODISHA,CHANG ,32.0
21.0,ODISHA,COORGI/KODAGU ,1341.0
21.0,ODISHA,DIMASA ,3.0
21.0,ODISHA,ENGLISH ,2154.0
21.0,ODISHA,GADABA ,33342.0
21.0,ODISHA,GARO ,3748.0
21.0,ODISHA,GONDI,56517.0
21.0,ODISHA,HALABI,31767.0
21.0,ODISHA,HALAM ,13.0
21.0,ODISHA,HMAR,1.0
21.0,ODISHA,HO,411724.0
21.0,ODISHA,JATAPU ,81.0
21.0,ODISHA,JUANG ,30377.0
21.0,ODISHA,KABUI ,7.0
21.0,ODISHA,KARBI/MIKIR ,16.0
21.0,ODISHA,KHANDESHI,16.0
21.0,ODISHA,KHARIA ,126872.0
21.0,ODISHA,KHASI ,705.0
21.0,ODISHA,KHEZHA ,8.0
21.0,ODISHA,KHOND/KONDH ,114802.0
21.0,ODISHA,KISAN ,194716.0
21.0,ODISHA,KOCH ,10.0
21.0,ODISHA,KODA/KORA ,2104.0
21.0,ODISHA,KOM,5.0
21.0,ODISHA,KONDA,2160.0
21.0,ODISHA,KONYAK ,3.0
21.0,ODISHA,KORWA ,478.0
21.0,ODISHA,KOYA ,143676.0
21.0,ODISHA,KUI ,939283.0
21.0,ODISHA,KUKI,16.0
21.0,ODISHA,KURUKH/ORAON ,136031.0
21.0,ODISHA,LADAKHI ,3114.0
21.0,ODISHA,LAHAULI ,1.0
21.0,ODISHA,LAHNDA ,103.0
21.0,ODISHA,LAKHER,2.0
21.0,ODISHA,LOTHA ,8.0
21.0,ODISHA,LUSHAI/MIZO ,14.0
21.0,ODISHA,MALTO ,1355.0
21.0,ODISHA,MARAM,1.0
21.0,ODISHA,MISHMI ,2.0
21.0,ODISHA,MOGH ,15.0
21.0,ODISHA,MONPA ,1.0
21.0,ODISHA,MUNDA,335830.0
21.0,ODISHA,MUNDARI ,123488.0
21.0,ODISHA,NICOBARESE ,1.0
21.0,ODISHA,NISSI/DAFLA ,2.0
21.0,ODISHA,PAITE,3.0
21.0,ODISHA,PARJI ,584.0
21.0,ODISHA,POCHURY,6.0
21.0,ODISHA,RABHA ,9.0
21.0,ODISHA,RAI ,1810.0
21.0,ODISHA,RENGMA ,1.0
21.0,ODISHA,SAVARA,298655.0
21.0,ODISHA,SHINA,1.0
21.0,ODISHA,TAMANG ,17.0
21.0,ODISHA,TANGKHUL ,3.0
21.0,ODISHA,THADO ,36.0
21.0,ODISHA,TIBETAN ,553.0
21.0,ODISHA,TRIPURI ,24.0
21.0,ODISHA,TULU ,79.0
21.0,ODISHA,YIMCHUNGRE,26.0
21.0,ODISHA,OTHERS,227179.0
22.0,CHHATTISGARH,ASSAMESE,1595.0
22.0,CHHATTISGARH,BENGALI ,243597.0
22.0,CHHATTISGARH,BODO ,88.0
22.0,CHHATTISGARH,DOGRI ,747.0
22.0,CHHATTISGARH,GUJARATI,39116.0
22.0,CHHATTISGARH,HINDI ,21361927.0
22.0,CHHATTISGARH,KANNADA,2028.0
22.0,CHHATTISGARH,KASHMIRI ,171.0
22.0,CHHATTISGARH,KONKANI,173.0
22.0,CHHATTISGARH,MAITHILI ,9094.0
22.0,CHHATTISGARH,MALAYALAM,23370.0
22.0,CHHATTISGARH,MANIPURI ,202.0
22.0,CHHATTISGARH,MARATHI ,144035.0
22.0,CHHATTISGARH,NEPALI ,3431.0
22.0,CHHATTISGARH,ODIA ,913581.0
22.0,CHHATTISGARH,PUNJABI ,65425.0
22.0,CHHATTISGARH,SANSKRIT ,290.0
22.0,CHHATTISGARH,SANTALI ,17862.0
22.0,CHHATTISGARH,SINDHI,93424.0
22.0,CHHATTISGARH,TAMIL ,10334.0
22.0,CHHATTISGARH,TELUGU ,152100.0
22.0,CHHATTISGARH,URDU,79962.0
22.0,CHHATTISGARH,ADI ,9.0
22.0,CHHATTISGARH,AFGHANI/KABULI/PASHTO ,103.0
22.0,CHHATTISGARH,ANGAMI ,5.0
22.0,CHHATTISGARH,AO ,16.0
22.0,CHHATTISGARH,ARABIC/ARBI ,397.0
22.0,CHHATTISGARH,BHILI/BHILODI ,936.0
22.0,CHHATTISGARH,BHOTIA ,19.0
22.0,CHHATTISGARH,BHUMIJ ,10.0
22.0,CHHATTISGARH,CHAKHESANG ,1.0
22.0,CHHATTISGARH,CHANG ,49.0
22.0,CHHATTISGARH,COORGI/KODAGU ,198.0
22.0,CHHATTISGARH,DIMASA ,11.0
22.0,CHHATTISGARH,ENGLISH ,1398.0
22.0,CHHATTISGARH,GARO ,12.0
22.0,CHHATTISGARH,GONDI,1071400.0
22.0,CHHATTISGARH,HALABI,706304.0
22.0,CHHATTISGARH,HALAM ,2.0
22.0,CHHATTISGARH,HMAR,1.0
22.0,CHHATTISGARH,HO,1408.0
22.0,CHHATTISGARH,KABUI ,6.0
22.0,CHHATTISGARH,KARBI/MIKIR ,1.0
22.0,CHHATTISGARH,KHANDESHI,1173.0
22.0,CHHATTISGARH,KHARIA ,6492.0
22.0,CHHATTISGARH,KHASI ,5.0
22.0,CHHATTISGARH,KHEZHA ,4.0
22.0,CHHATTISGARH,KHOND/KONDH ,1.0
22.0,CHHATTISGARH,KINNAURI ,5.0
22.0,CHHATTISGARH,KISAN ,8.0
22.0,CHHATTISGARH,KOCH ,1.0
22.0,CHHATTISGARH,KODA/KORA ,15.0
22.0,CHHATTISGARH,KONDA,18.0
22.0,CHHATTISGARH,KORKU ,317.0
22.0,CHHATTISGARH,KORWA ,19212.0
22.0,CHHATTISGARH,KOYA ,740.0
22.0,CHHATTISGARH,KUKI,7.0
22.0,CHHATTISGARH,KURUKH/ORAON ,516778.0
22.0,CHHATTISGARH,LADAKHI ,15.0
22.0,CHHATTISGARH,LAHNDA ,944.0
22.0,CHHATTISGARH,LAKHER,7.0
22.0,CHHATTISGARH,LIMBU ,2.0
22.0,CHHATTISGARH,LUSHAI/MIZO ,24.0
22.0,CHHATTISGARH,MALTO ,198.0
22.0,CHHATTISGARH,MAO,2.0
22.0,CHHATTISGARH,MARING ,2.0
22.0,CHHATTISGARH,MIRI/MISHING,1.0
22.0,CHHATTISGARH,MOGH ,1.0
22.0,CHHATTISGARH,MUNDA,3105.0
22.0,CHHATTISGARH,MUNDARI ,537.0
22.0,CHHATTISGARH,NISSI/DAFLA ,9.0
22.0,CHHATTISGARH,NOCTE ,1.0
22.0,CHHATTISGARH,PAITE,5.0
22.0,CHHATTISGARH,PARJI ,45344.0
22.0,CHHATTISGARH,RABHA ,1.0
22.0,CHHATTISGARH,SAVARA,5.0
22.0,CHHATTISGARH,SEMA,1.0
22.0,CHHATTISGARH,TANGKHUL ,3.0
22.0,CHHATTISGARH,THADO ,1.0
22.0,CHHATTISGARH,TIBETAN ,961.0
22.0,CHHATTISGARH,TRIPURI ,23.0
22.0,CHHATTISGARH,TULU ,32.0
22.0,CHHATTISGARH,VAIPHEI ,1.0
22.0,CHHATTISGARH,ZELIANG ,6.0
22.0,CHHATTISGARH,OTHERS,4353.0
23.0,MADHYA PRADESH,ASSAMESE,1870.0
23.0,MADHYA PRADESH,BENGALI ,109185.0
23.0,MADHYA PRADESH,BODO ,87.0
23.0,MADHYA PRADESH,DOGRI ,835.0
23.0,MADHYA PRADESH,GUJARATI,187211.0
23.0,MADHYA PRADESH,HINDI ,64324963.0
23.0,MADHYA PRADESH,KANNADA,4175.0
23.0,MADHYA PRADESH,KASHMIRI ,1050.0
23.0,MADHYA PRADESH,KONKANI,814.0
23.0,MADHYA PRADESH,MAITHILI ,4129.0
23.0,MADHYA PRADESH,MALAYALAM,37761.0
23.0,MADHYA PRADESH,MANIPURI ,1009.0
23.0,MADHYA PRADESH,MARATHI ,1231285.0
23.0,MADHYA PRADESH,NEPALI ,8724.0
23.0,MADHYA PRADESH,ODIA ,18765.0
23.0,MADHYA PRADESH,PUNJABI ,139658.0
23.0,MADHYA PRADESH,SANSKRIT ,1871.0
23.0,MADHYA PRADESH,SANTALI ,404.0
23.0,MADHYA PRADESH,SINDHI,245161.0
23.0,MADHYA PRADESH,TAMIL ,20544.0
23.0,MADHYA PRADESH,TELUGU ,24411.0
23.0,MADHYA PRADESH,URDU,916608.0
23.0,MADHYA PRADESH,ADI ,426.0
23.0,MADHYA PRADESH,AFGHANI/KABULI/PASHTO ,12.0
23.0,MADHYA PRADESH,ANAL ,13.0
23.0,MADHYA PRADESH,ANGAMI ,27.0
23.0,MADHYA PRADESH,AO ,16.0
23.0,MADHYA PRADESH,ARABIC/ARBI ,1188.0
23.0,MADHYA PRADESH,BALTI ,2.0
23.0,MADHYA PRADESH,BHILI/BHILODI ,3587810.0
23.0,MADHYA PRADESH,BHOTIA ,57.0
23.0,MADHYA PRADESH,BHUMIJ ,1.0
23.0,MADHYA PRADESH,BISHNUPURIYA,13.0
23.0,MADHYA PRADESH,CHAKHESANG ,5.0
23.0,MADHYA PRADESH,CHAKRU/CHOKRI ,5.0
23.0,MADHYA PRADESH,COORGI/KODAGU ,19.0
23.0,MADHYA PRADESH,DEORI ,7.0
23.0,MADHYA PRADESH,DIMASA ,11.0
23.0,MADHYA PRADESH,ENGLISH ,2381.0
23.0,MADHYA PRADESH,GADABA ,1.0
23.0,MADHYA PRADESH,GANGTE ,8.0
23.0,MADHYA PRADESH,GARO ,19.0
23.0,MADHYA PRADESH,GONDI,1164290.0
23.0,MADHYA PRADESH,HALABI,1985.0
23.0,MADHYA PRADESH,HALAM ,6.0
23.0,MADHYA PRADESH,HMAR,1.0
23.0,MADHYA PRADESH,HO,2579.0
23.0,MADHYA PRADESH,KABUI ,3.0
23.0,MADHYA PRADESH,KARBI/MIKIR ,4.0
23.0,MADHYA PRADESH,KHANDESHI,37882.0
23.0,MADHYA PRADESH,KHARIA ,142.0
23.0,MADHYA PRADESH,KHASI ,13.0
23.0,MADHYA PRADESH,KHEZHA ,4.0
23.0,MADHYA PRADESH,KHOND/KONDH ,11.0
23.0,MADHYA PRADESH,KINNAURI ,8.0
23.0,MADHYA PRADESH,KISAN ,6.0
23.0,MADHYA PRADESH,KOCH ,2.0
23.0,MADHYA PRADESH,KODA/KORA ,2.0
23.0,MADHYA PRADESH,KOM,5.0
23.0,MADHYA PRADESH,KONDA,4.0
23.0,MADHYA PRADESH,KORKU ,470386.0
23.0,MADHYA PRADESH,KORWA ,2147.0
23.0,MADHYA PRADESH,KUI ,93.0
23.0,MADHYA PRADESH,KUKI,72.0
23.0,MADHYA PRADESH,KURUKH/ORAON ,4132.0
23.0,MADHYA PRADESH,LADAKHI ,59.0
23.0,MADHYA PRADESH,LAHAULI ,319.0
23.0,MADHYA PRADESH,LAHNDA ,7738.0
23.0,MADHYA PRADESH,LAKHER,21.0
23.0,MADHYA PRADESH,LEPCHA ,19.0
23.0,MADHYA PRADESH,LIANGMEI ,2.0
23.0,MADHYA PRADESH,LOTHA ,14.0
23.0,MADHYA PRADESH,LUSHAI/MIZO ,181.0
23.0,MADHYA PRADESH,MALTO ,196.0
23.0,MADHYA PRADESH,MAO,7.0
23.0,MADHYA PRADESH,MARAM,4.0
23.0,MADHYA PRADESH,MARING ,1.0
23.0,MADHYA PRADESH,MISHMI ,3.0
23.0,MADHYA PRADESH,MOGH ,2.0
23.0,MADHYA PRADESH,MONPA ,7.0
23.0,MADHYA PRADESH,MUNDA,258.0
23.0,MADHYA PRADESH,MUNDARI ,424.0
23.0,MADHYA PRADESH,NISSI/DAFLA ,65.0
23.0,MADHYA PRADESH,PAITE,11.0
23.0,MADHYA PRADESH,POCHURY,44.0
23.0,MADHYA PRADESH,RABHA ,27.0
23.0,MADHYA PRADESH,RAI ,3.0
23.0,MADHYA PRADESH,RENGMA ,1.0
23.0,MADHYA PRADESH,SANGTAM ,6.0
23.0,MADHYA PRADESH,SAVARA,5.0
23.0,MADHYA PRADESH,SEMA,23.0
23.0,MADHYA PRADESH,SHINA,1.0
23.0,MADHYA PRADESH,TANGKHUL ,7.0
23.0,MADHYA PRADESH,TANGSA,5.0
23.0,MADHYA PRADESH,THADO ,5.0
23.0,MADHYA PRADESH,TIBETAN ,71.0
23.0,MADHYA PRADESH,TRIPURI ,26.0
23.0,MADHYA PRADESH,TULU ,92.0
23.0,MADHYA PRADESH,VAIPHEI ,8.0
23.0,MADHYA PRADESH,WANCHO,5.0
23.0,MADHYA PRADESH,ZELIANG ,5.0
23.0,MADHYA PRADESH,ZEMI ,5.0
23.0,MADHYA PRADESH,ZOU ,7.0
23.0,MADHYA PRADESH,OTHERS,60814.0
24.0,GUJARAT,ASSAMESE,3935.0
24.0,GUJARAT,BENGALI ,79648.0
24.0,GUJARAT,BODO ,138.0
24.0,GUJARAT,DOGRI ,2026.0
24.0,GUJARAT,GUJARATI,51958730.0
24.0,GUJARAT,HINDI ,4264868.0
24.0,GUJARAT,KANNADA,18033.0
24.0,GUJARAT,KASHMIRI ,1111.0
24.0,GUJARAT,KONKANI,5092.0
24.0,GUJARAT,MAITHILI ,10864.0
24.0,GUJARAT,MALAYALAM,64998.0
24.0,GUJARAT,MANIPURI ,408.0
24.0,GUJARAT,MARATHI ,920345.0
24.0,GUJARAT,NEPALI ,25142.0
24.0,GUJARAT,ODIA ,183549.0
24.0,GUJARAT,PUNJABI ,63288.0
24.0,GUJARAT,SANSKRIT ,720.0
24.0,GUJARAT,SANTALI ,297.0
24.0,GUJARAT,SINDHI,1184024.0
24.0,GUJARAT,TAMIL ,40072.0
24.0,GUJARAT,TELUGU ,73568.0
24.0,GUJARAT,URDU,479206.0
24.0,GUJARAT,ADI ,48.0
24.0,GUJARAT,AFGHANI/KABULI/PASHTO ,78.0
24.0,GUJARAT,ANAL ,3.0
24.0,GUJARAT,ANGAMI ,14.0
24.0,GUJARAT,AO ,2.0
24.0,GUJARAT,ARABIC/ARBI ,324.0
24.0,GUJARAT,BHILI/BHILODI ,825942.0
24.0,GUJARAT,BHOTIA ,6.0
24.0,GUJARAT,BHUMIJ ,9.0
24.0,GUJARAT,BISHNUPURIYA,14.0
24.0,GUJARAT,COORGI/KODAGU ,33.0
24.0,GUJARAT,DIMASA ,3.0
24.0,GUJARAT,ENGLISH ,4224.0
24.0,GUJARAT,GANGTE ,1.0
24.0,GUJARAT,GARO ,14.0
24.0,GUJARAT,GONDI,630.0
24.0,GUJARAT,HALABI,1053.0
24.0,GUJARAT,HALAM ,1.0
24.0,GUJARAT,HMAR,2.0
24.0,GUJARAT,HO,86.0
24.0,GUJARAT,KARBI/MIKIR ,1.0
24.0,GUJARAT,KHANDESHI,153622.0
24.0,GUJARAT,KHARIA ,71.0
24.0,GUJARAT,KHASI ,24.0
24.0,GUJARAT,KHEZHA ,6.0
24.0,GUJARAT,KHOND/KONDH ,2.0
24.0,GUJARAT,KINNAURI ,5.0
24.0,GUJARAT,KODA/KORA ,17.0
24.0,GUJARAT,KOM,3.0
24.0,GUJARAT,KONDA,7.0
24.0,GUJARAT,KORWA ,8.0
24.0,GUJARAT,KOYA ,29.0
24.0,GUJARAT,KUI ,8.0
24.0,GUJARAT,KUKI,81.0
24.0,GUJARAT,KURUKH/ORAON ,116.0
24.0,GUJARAT,LADAKHI ,12.0
24.0,GUJARAT,LAHNDA ,3681.0
24.0,GUJARAT,LAKHER,4.0
24.0,GUJARAT,LEPCHA ,1.0
24.0,GUJARAT,LIANGMEI ,16.0
24.0,GUJARAT,LOTHA ,4.0
24.0,GUJARAT,LUSHAI/MIZO ,53.0
24.0,GUJARAT,MALTO ,1.0
24.0,GUJARAT,MAO,65.0
24.0,GUJARAT,MARAM,1.0
24.0,GUJARAT,MIRI/MISHING,16.0
24.0,GUJARAT,MISHMI ,5.0
24.0,GUJARAT,MOGH ,1.0
24.0,GUJARAT,MUNDA,40.0
24.0,GUJARAT,MUNDARI ,91.0
24.0,GUJARAT,NICOBARESE ,4.0
24.0,GUJARAT,NISSI/DAFLA ,65.0
24.0,GUJARAT,PAITE,5.0
24.0,GUJARAT,PARJI ,36.0
24.0,GUJARAT,POCHURY,3.0
24.0,GUJARAT,RABHA ,1112.0
24.0,GUJARAT,SAVARA,1.0
24.0,GUJARAT,SHINA,1.0
24.0,GUJARAT,TAMANG ,3.0
24.0,GUJARAT,TANGKHUL ,1.0
24.0,GUJARAT,TANGSA,2.0
24.0,GUJARAT,THADO ,3.0
24.0,GUJARAT,TIBETAN ,17.0
24.0,GUJARAT,TRIPURI ,239.0
24.0,GUJARAT,TULU ,1034.0
24.0,GUJARAT,YIMCHUNGRE,14.0
24.0,GUJARAT,ZEMI ,4.0
24.0,GUJARAT,ZOU ,5.0
24.0,GUJARAT,OTHERS,66603.0
25.0,DAMAN & DIU,ASSAMESE,1201.0
25.0,DAMAN & DIU,BENGALI ,5232.0
25.0,DAMAN & DIU,BODO ,50.0
25.0,DAMAN & DIU,DOGRI ,2.0
25.0,DAMAN & DIU,GUJARATI,123648.0
25.0,DAMAN & DIU,HINDI ,88312.0
25.0,DAMAN & DIU,KANNADA,457.0
25.0,DAMAN & DIU,KASHMIRI ,3.0
25.0,DAMAN & DIU,KONKANI,142.0
25.0,DAMAN & DIU,MAITHILI ,1044.0
25.0,DAMAN & DIU,MALAYALAM,1229.0
25.0,DAMAN & DIU,MANIPURI ,22.0
25.0,DAMAN & DIU,MARATHI ,11008.0
25.0,DAMAN & DIU,NEPALI ,1401.0
25.0,DAMAN & DIU,ODIA ,4421.0
25.0,DAMAN & DIU,PUNJABI ,222.0
25.0,DAMAN & DIU,SANSKRIT ,2.0
25.0,DAMAN & DIU,SANTALI ,81.0
25.0,DAMAN & DIU,SINDHI,423.0
25.0,DAMAN & DIU,TAMIL ,320.0
25.0,DAMAN & DIU,TELUGU ,464.0
25.0,DAMAN & DIU,URDU,1032.0
25.0,DAMAN & DIU,ADI ,2.0
25.0,DAMAN & DIU,ARABIC/ARBI ,15.0
25.0,DAMAN & DIU,BHILI/BHILODI ,518.0
25.0,DAMAN & DIU,COORGI/KODAGU ,2.0
25.0,DAMAN & DIU,ENGLISH ,183.0
25.0,DAMAN & DIU,KHANDESHI,14.0
25.0,DAMAN & DIU,KHARIA ,6.0
25.0,DAMAN & DIU,KHEZHA ,3.0
25.0,DAMAN & DIU,KOM,4.0
25.0,DAMAN & DIU,KONDA,2.0
25.0,DAMAN & DIU,KURUKH/ORAON ,21.0
25.0,DAMAN & DIU,MUNDA,3.0
25.0,DAMAN & DIU,MUNDARI ,5.0
25.0,DAMAN & DIU,POCHURY,1.0
25.0,DAMAN & DIU,RABHA ,7.0
25.0,DAMAN & DIU,TRIPURI ,5.0
25.0,DAMAN & DIU,TULU ,24.0
25.0,DAMAN & DIU,OTHERS,1716.0
26.0,DADRA & NAGAR HAVELI,ASSAMESE,957.0
26.0,DADRA & NAGAR HAVELI,BENGALI ,3116.0
26.0,DADRA & NAGAR HAVELI,BODO ,28.0
26.0,DADRA & NAGAR HAVELI,DOGRI ,3.0
26.0,DADRA & NAGAR HAVELI,GUJARATI,73831.0
26.0,DADRA & NAGAR HAVELI,HINDI ,89905.0
26.0,DADRA & NAGAR HAVELI,KANNADA,886.0
26.0,DADRA & NAGAR HAVELI,KASHMIRI ,11.0
26.0,DADRA & NAGAR HAVELI,KONKANI,7756.0
26.0,DADRA & NAGAR HAVELI,MAITHILI ,2187.0
26.0,DADRA & NAGAR HAVELI,MALAYALAM,2172.0
26.0,DADRA & NAGAR HAVELI,MANIPURI ,81.0
26.0,DADRA & NAGAR HAVELI,MARATHI ,24105.0
26.0,DADRA & NAGAR HAVELI,NEPALI ,1152.0
26.0,DADRA & NAGAR HAVELI,ODIA ,4463.0
26.0,DADRA & NAGAR HAVELI,PUNJABI ,414.0
26.0,DADRA & NAGAR HAVELI,SANSKRIT ,2.0
26.0,DADRA & NAGAR HAVELI,SANTALI ,57.0
26.0,DADRA & NAGAR HAVELI,SINDHI,471.0
26.0,DADRA & NAGAR HAVELI,TAMIL ,739.0
26.0,DADRA & NAGAR HAVELI,TELUGU ,778.0
26.0,DADRA & NAGAR HAVELI,URDU,1089.0
26.0,DADRA & NAGAR HAVELI,ADI ,1.0
26.0,DADRA & NAGAR HAVELI,BHILI/BHILODI ,128078.0
26.0,DADRA & NAGAR HAVELI,BHUMIJ ,8.0
26.0,DADRA & NAGAR HAVELI,ENGLISH ,282.0
26.0,DADRA & NAGAR HAVELI,GONDI,3.0
26.0,DADRA & NAGAR HAVELI,HO,5.0
26.0,DADRA & NAGAR HAVELI,KARBI/MIKIR ,5.0
26.0,DADRA & NAGAR HAVELI,KHANDESHI,355.0
26.0,DADRA & NAGAR HAVELI,KHARIA ,5.0
26.0,DADRA & NAGAR HAVELI,KHEZHA ,2.0
26.0,DADRA & NAGAR HAVELI,KODA/KORA ,5.0
26.0,DADRA & NAGAR HAVELI,KOM,3.0
26.0,DADRA & NAGAR HAVELI,KURUKH/ORAON ,4.0
26.0,DADRA & NAGAR HAVELI,MIRI/MISHING,9.0
26.0,DADRA & NAGAR HAVELI,MUNDA,9.0
26.0,DADRA & NAGAR HAVELI,MUNDARI ,13.0
26.0,DADRA & NAGAR HAVELI,THADO ,3.0
26.0,DADRA & NAGAR HAVELI,TRIPURI ,6.0
26.0,DADRA & NAGAR HAVELI,TULU ,44.0
26.0,DADRA & NAGAR HAVELI,OTHERS,666.0
27.0,MAHARASHTRA,ASSAMESE,12842.0
27.0,MAHARASHTRA,BENGALI ,442090.0
27.0,MAHARASHTRA,BODO ,330.0
27.0,MAHARASHTRA,DOGRI ,1936.0
27.0,MAHARASHTRA,GUJARATI,2371743.0
27.0,MAHARASHTRA,HINDI ,14481513.0
27.0,MAHARASHTRA,KANNADA,1000463.0
27.0,MAHARASHTRA,KASHMIRI ,8274.0
27.0,MAHARASHTRA,KONKANI,399255.0
27.0,MAHARASHTRA,MAITHILI ,46996.0
27.0,MAHARASHTRA,MALAYALAM,366153.0
27.0,MAHARASHTRA,MANIPURI ,3475.0
27.0,MAHARASHTRA,MARATHI ,77461172.0
27.0,MAHARASHTRA,NEPALI ,75683.0
27.0,MAHARASHTRA,ODIA ,139241.0
27.0,MAHARASHTRA,PUNJABI ,280192.0
27.0,MAHARASHTRA,SANSKRIT ,3802.0
27.0,MAHARASHTRA,SANTALI ,103456.0
27.0,MAHARASHTRA,SINDHI,723748.0
27.0,MAHARASHTRA,TAMIL ,509887.0
27.0,MAHARASHTRA,TELUGU ,1320880.0
27.0,MAHARASHTRA,URDU,7540324.0
27.0,MAHARASHTRA,ADI ,168.0
27.0,MAHARASHTRA,AFGHANI/KABULI/PASHTO ,147.0
27.0,MAHARASHTRA,ANAL ,9.0
27.0,MAHARASHTRA,ANGAMI ,164.0
27.0,MAHARASHTRA,AO ,44.0
27.0,MAHARASHTRA,ARABIC/ARBI ,1830.0
27.0,MAHARASHTRA,BALTI ,17.0
27.0,MAHARASHTRA,BHILI/BHILODI ,2247678.0
27.0,MAHARASHTRA,BHOTIA ,116.0
27.0,MAHARASHTRA,BHUMIJ ,37.0
27.0,MAHARASHTRA,BISHNUPURIYA,10.0
27.0,MAHARASHTRA,CHAKHESANG ,1.0
27.0,MAHARASHTRA,CHAKRU/CHOKRI ,8.0
27.0,MAHARASHTRA,CHANG ,35.0
27.0,MAHARASHTRA,COORGI/KODAGU ,634.0
27.0,MAHARASHTRA,DEORI ,5.0
27.0,MAHARASHTRA,DIMASA ,26.0
27.0,MAHARASHTRA,ENGLISH ,106656.0
27.0,MAHARASHTRA,GADABA ,9.0
27.0,MAHARASHTRA,GANGTE ,16.0
27.0,MAHARASHTRA,GARO ,117.0
27.0,MAHARASHTRA,GONDI,458806.0
27.0,MAHARASHTRA,HALABI,24950.0
27.0,MAHARASHTRA,HALAM ,13.0
27.0,MAHARASHTRA,HMAR,10.0
27.0,MAHARASHTRA,HO,1470.0
27.0,MAHARASHTRA,KABUI ,57.0
27.0,MAHARASHTRA,KARBI/MIKIR ,21.0
27.0,MAHARASHTRA,KHANDESHI,1616730.0
27.0,MAHARASHTRA,KHARIA ,341.0
27.0,MAHARASHTRA,KHASI ,249.0
27.0,MAHARASHTRA,KHEZHA ,21.0
27.0,MAHARASHTRA,KHOND/KONDH ,29.0
27.0,MAHARASHTRA,KINNAURI ,39.0
27.0,MAHARASHTRA,KISAN ,44.0
27.0,MAHARASHTRA,KOCH ,56.0
27.0,MAHARASHTRA,KODA/KORA ,57.0
27.0,MAHARASHTRA,KOLAMI ,89170.0
27.0,MAHARASHTRA,KOM,35.0
27.0,MAHARASHTRA,KONDA,19.0
27.0,MAHARASHTRA,KONYAK ,8.0
27.0,MAHARASHTRA,KORKU ,255772.0
27.0,MAHARASHTRA,KORWA ,1546.0
27.0,MAHARASHTRA,KOYA ,20.0
27.0,MAHARASHTRA,KUKI,273.0
27.0,MAHARASHTRA,KURUKH/ORAON ,8239.0
27.0,MAHARASHTRA,LADAKHI ,14.0
27.0,MAHARASHTRA,LAHAULI ,9.0
27.0,MAHARASHTRA,LAHNDA ,7271.0
27.0,MAHARASHTRA,LAKHER,61.0
27.0,MAHARASHTRA,LEPCHA ,9.0
27.0,MAHARASHTRA,LIANGMEI ,74.0
27.0,MAHARASHTRA,LIMBU ,15.0
27.0,MAHARASHTRA,LOTHA ,24.0
27.0,MAHARASHTRA,LUSHAI/MIZO ,406.0
27.0,MAHARASHTRA,MALTO ,6.0
27.0,MAHARASHTRA,MAO,23.0
27.0,MAHARASHTRA,MARAM,8.0
27.0,MAHARASHTRA,MARING ,2.0
27.0,MAHARASHTRA,MIRI/MISHING,14.0
27.0,MAHARASHTRA,MISHMI ,18.0
27.0,MAHARASHTRA,MOGH ,21.0
27.0,MAHARASHTRA,MONPA ,8.0
27.0,MAHARASHTRA,MUNDA,696.0
27.0,MAHARASHTRA,MUNDARI ,328.0
27.0,MAHARASHTRA,NISSI/DAFLA ,58.0
27.0,MAHARASHTRA,NOCTE ,1.0
27.0,MAHARASHTRA,PAITE,96.0
27.0,MAHARASHTRA,PARJI ,12.0
27.0,MAHARASHTRA,PAWI ,1.0
27.0,MAHARASHTRA,PHOM ,1.0
27.0,MAHARASHTRA,POCHURY,4.0
27.0,MAHARASHTRA,RABHA ,30.0
27.0,MAHARASHTRA,RAI ,105.0
27.0,MAHARASHTRA,SANGTAM ,1.0
27.0,MAHARASHTRA,SAVARA,54.0
27.0,MAHARASHTRA,SEMA,68.0
27.0,MAHARASHTRA,SHERPA ,6.0
27.0,MAHARASHTRA,SHINA,12.0
27.0,MAHARASHTRA,TAMANG ,58.0
27.0,MAHARASHTRA,TANGKHUL ,158.0
27.0,MAHARASHTRA,TANGSA,15.0
27.0,MAHARASHTRA,THADO ,72.0
27.0,MAHARASHTRA,TIBETAN ,1045.0
27.0,MAHARASHTRA,TRIPURI ,118.0
27.0,MAHARASHTRA,TULU ,120072.0
27.0,MAHARASHTRA,VAIPHEI ,15.0
27.0,MAHARASHTRA,WANCHO,3.0
27.0,MAHARASHTRA,YIMCHUNGRE,13.0
27.0,MAHARASHTRA,ZELIANG ,2.0
27.0,MAHARASHTRA,ZEMI ,68.0
27.0,MAHARASHTRA,OTHERS,134081.0
28.0,ANDHRA PRADESH,ASSAMESE,2648.0
28.0,ANDHRA PRADESH,BENGALI ,57804.0
28.0,ANDHRA PRADESH,BODO ,606.0
28.0,ANDHRA PRADESH,DOGRI ,769.0
28.0,ANDHRA PRADESH,GUJARATI,58946.0
28.0,ANDHRA PRADESH,HINDI ,3120413.0
28.0,ANDHRA PRADESH,KANNADA,534144.0
28.0,ANDHRA PRADESH,KASHMIRI ,576.0
28.0,ANDHRA PRADESH,KONKANI,2729.0
28.0,ANDHRA PRADESH,MAITHILI ,2827.0
28.0,ANDHRA PRADESH,MALAYALAM,61147.0
28.0,ANDHRA PRADESH,MANIPURI ,1356.0
28.0,ANDHRA PRADESH,MARATHI ,674928.0
28.0,ANDHRA PRADESH,NEPALI ,11551.0
28.0,ANDHRA PRADESH,ODIA ,361471.0
28.0,ANDHRA PRADESH,PUNJABI ,24413.0
28.0,ANDHRA PRADESH,SANSKRIT ,493.0
28.0,ANDHRA PRADESH,SANTALI ,226.0
28.0,ANDHRA PRADESH,SINDHI,11299.0
28.0,ANDHRA PRADESH,TAMIL ,713848.0
28.0,ANDHRA PRADESH,TELUGU ,70667780.0
28.0,ANDHRA PRADESH,URDU,7505623.0
28.0,ANDHRA PRADESH,ADI ,50.0
28.0,ANDHRA PRADESH,AFGHANI/KABULI/PASHTO ,15.0
28.0,ANDHRA PRADESH,ANAL ,2.0
28.0,ANDHRA PRADESH,ANGAMI ,19.0
28.0,ANDHRA PRADESH,AO ,29.0
28.0,ANDHRA PRADESH,ARABIC/ARBI ,1278.0
28.0,ANDHRA PRADESH,BHILI/BHILODI ,5329.0
28.0,ANDHRA PRADESH,BHOTIA ,141.0
28.0,ANDHRA PRADESH,BHUMIJ ,8.0
28.0,ANDHRA PRADESH,CHAKHESANG ,1.0
28.0,ANDHRA PRADESH,CHAKRU/CHOKRI ,2.0
28.0,ANDHRA PRADESH,CHANG ,4.0
28.0,ANDHRA PRADESH,COORGI/KODAGU ,62.0
28.0,ANDHRA PRADESH,DEORI ,8.0
28.0,ANDHRA PRADESH,DIMASA ,17.0
28.0,ANDHRA PRADESH,ENGLISH ,13049.0
28.0,ANDHRA PRADESH,GADABA ,7589.0
28.0,ANDHRA PRADESH,GARO ,151.0
28.0,ANDHRA PRADESH,GONDI,214233.0
28.0,ANDHRA PRADESH,HALABI,7.0
28.0,ANDHRA PRADESH,HALAM ,6.0
28.0,ANDHRA PRADESH,HMAR,16.0
28.0,ANDHRA PRADESH,HO,15.0
28.0,ANDHRA PRADESH,JATAPU ,19913.0
28.0,ANDHRA PRADESH,KABUI ,33.0
28.0,ANDHRA PRADESH,KHANDESHI,9.0
28.0,ANDHRA PRADESH,KHARIA ,77.0
28.0,ANDHRA PRADESH,KHASI ,31.0
28.0,ANDHRA PRADESH,KHEZHA ,7.0
28.0,ANDHRA PRADESH,KHOND/KONDH ,39564.0
28.0,ANDHRA PRADESH,KINNAURI ,12.0
28.0,ANDHRA PRADESH,KOCH ,11.0
28.0,ANDHRA PRADESH,KODA/KORA ,78.0
28.0,ANDHRA PRADESH,KOLAMI ,39120.0
28.0,ANDHRA PRADESH,KOM,7.0
28.0,ANDHRA PRADESH,KONDA,58115.0
28.0,ANDHRA PRADESH,KONYAK ,6.0
28.0,ANDHRA PRADESH,KORKU ,3.0
28.0,ANDHRA PRADESH,KORWA ,22.0
28.0,ANDHRA PRADESH,KOYA ,262560.0
28.0,ANDHRA PRADESH,KUI ,1549.0
28.0,ANDHRA PRADESH,KUKI,79.0
28.0,ANDHRA PRADESH,KURUKH/ORAON ,66.0
28.0,ANDHRA PRADESH,LADAKHI ,5.0
28.0,ANDHRA PRADESH,LAHAULI ,2.0
28.0,ANDHRA PRADESH,LAHNDA ,6007.0
28.0,ANDHRA PRADESH,LAKHER,17.0
28.0,ANDHRA PRADESH,LEPCHA ,3.0
28.0,ANDHRA PRADESH,LIANGMEI ,8.0
28.0,ANDHRA PRADESH,LIMBU ,2.0
28.0,ANDHRA PRADESH,LOTHA ,18.0
28.0,ANDHRA PRADESH,LUSHAI/MIZO ,274.0
28.0,ANDHRA PRADESH,MALTO ,8.0
28.0,ANDHRA PRADESH,MAO,10.0
28.0,ANDHRA PRADESH,MARAM,1.0
28.0,ANDHRA PRADESH,MISHMI ,1.0
28.0,ANDHRA PRADESH,MOGH ,2.0
28.0,ANDHRA PRADESH,MONPA ,6.0
28.0,ANDHRA PRADESH,MUNDA,58.0
28.0,ANDHRA PRADESH,MUNDARI ,47.0
28.0,ANDHRA PRADESH,NICOBARESE ,5.0
28.0,ANDHRA PRADESH,NISSI/DAFLA ,15.0
28.0,ANDHRA PRADESH,PAITE,22.0
28.0,ANDHRA PRADESH,PARJI ,395.0
28.0,ANDHRA PRADESH,PHOM ,3.0
28.0,ANDHRA PRADESH,POCHURY,4.0
28.0,ANDHRA PRADESH,RABHA ,1.0
28.0,ANDHRA PRADESH,RENGMA ,5.0
28.0,ANDHRA PRADESH,SAVARA,74605.0
28.0,ANDHRA PRADESH,SEMA,11.0
28.0,ANDHRA PRADESH,SHERPA ,19.0
28.0,ANDHRA PRADESH,TAMANG ,1.0
28.0,ANDHRA PRADESH,TANGKHUL ,8.0
28.0,ANDHRA PRADESH,TANGSA,3.0
28.0,ANDHRA PRADESH,THADO ,361.0
28.0,ANDHRA PRADESH,TIBETAN ,32.0
28.0,ANDHRA PRADESH,TRIPURI ,39.0
28.0,ANDHRA PRADESH,TULU ,572.0
28.0,ANDHRA PRADESH,VAIPHEI ,106.0
28.0,ANDHRA PRADESH,WANCHO,7.0
28.0,ANDHRA PRADESH,ZELIANG ,1.0
28.0,ANDHRA PRADESH,ZOU ,30.0
28.0,ANDHRA PRADESH,OTHERS,19173.0
29.0,KARNATAKA,ASSAMESE,9871.0
29.0,KARNATAKA,BENGALI ,87963.0
29.0,KARNATAKA,BODO ,439.0
29.0,KARNATAKA,DOGRI ,834.0
29.0,KARNATAKA,GUJARATI,114616.0
29.0,KARNATAKA,HINDI ,2013364.0
29.0,KARNATAKA,KANNADA,40651090.0
29.0,KARNATAKA,KASHMIRI ,3388.0
29.0,KARNATAKA,KONKANI,788294.0
29.0,KARNATAKA,MAITHILI ,1810.0
29.0,KARNATAKA,MALAYALAM,774057.0
29.0,KARNATAKA,MANIPURI ,4103.0
29.0,KARNATAKA,MARATHI ,2064906.0
29.0,KARNATAKA,NEPALI ,19274.0
29.0,KARNATAKA,ODIA ,64119.0
29.0,KARNATAKA,PUNJABI ,25981.0
29.0,KARNATAKA,SANSKRIT ,1218.0
29.0,KARNATAKA,SANTALI ,311.0
29.0,KARNATAKA,SINDHI,16954.0
29.0,KARNATAKA,TAMIL ,2110128.0
29.0,KARNATAKA,TELUGU ,3569400.0
29.0,KARNATAKA,URDU,6618324.0
29.0,KARNATAKA,ADI ,136.0
29.0,KARNATAKA,AFGHANI/KABULI/PASHTO ,27.0
29.0,KARNATAKA,ANAL ,14.0
29.0,KARNATAKA,ANGAMI ,57.0
29.0,KARNATAKA,AO ,60.0
29.0,KARNATAKA,ARABIC/ARBI ,1159.0
29.0,KARNATAKA,BHILI/BHILODI ,2621.0
29.0,KARNATAKA,BHOTIA ,888.0
29.0,KARNATAKA,BHUMIJ ,11.0
29.0,KARNATAKA,BISHNUPURIYA,15.0
29.0,KARNATAKA,CHAKHESANG ,2.0
29.0,KARNATAKA,CHAKRU/CHOKRI ,13.0
29.0,KARNATAKA,CHANG ,3.0
29.0,KARNATAKA,COORGI/KODAGU ,110508.0
29.0,KARNATAKA,DEORI ,17.0
29.0,KARNATAKA,DIMASA ,20.0
29.0,KARNATAKA,ENGLISH ,23227.0
29.0,KARNATAKA,GADABA ,5.0
29.0,KARNATAKA,GANGTE ,10.0
29.0,KARNATAKA,GARO ,41.0
29.0,KARNATAKA,GONDI,1145.0
29.0,KARNATAKA,HALABI,76.0
29.0,KARNATAKA,HALAM ,7.0
29.0,KARNATAKA,HMAR,24.0
29.0,KARNATAKA,HO,23.0
29.0,KARNATAKA,JATAPU ,6.0
29.0,KARNATAKA,KABUI ,44.0
29.0,KARNATAKA,KARBI/MIKIR ,38.0
29.0,KARNATAKA,KHANDESHI,490.0
29.0,KARNATAKA,KHARIA ,66.0
29.0,KARNATAKA,KHASI ,359.0
29.0,KARNATAKA,KHEZHA ,11.0
29.0,KARNATAKA,KHIEMNUNGAN,6.0
29.0,KARNATAKA,KHOND/KONDH ,125.0
29.0,KARNATAKA,KINNAURI ,54.0
29.0,KARNATAKA,KISAN ,4.0
29.0,KARNATAKA,KOCH ,3.0
29.0,KARNATAKA,KODA/KORA ,227.0
29.0,KARNATAKA,KOM,71.0
29.0,KARNATAKA,KONDA,12.0
29.0,KARNATAKA,KONYAK ,5.0
29.0,KARNATAKA,KORKU ,7.0
29.0,KARNATAKA,KORWA ,132.0
29.0,KARNATAKA,KOYA ,29.0
29.0,KARNATAKA,KUI ,4.0
29.0,KARNATAKA,KUKI,111.0
29.0,KARNATAKA,KURUKH/ORAON ,284.0
29.0,KARNATAKA,LADAKHI ,666.0
29.0,KARNATAKA,LAHNDA ,289.0
29.0,KARNATAKA,LAKHER,66.0
29.0,KARNATAKA,LEPCHA ,21.0
29.0,KARNATAKA,LIMBU ,4.0
29.0,KARNATAKA,LOTHA ,43.0
29.0,KARNATAKA,LUSHAI/MIZO ,453.0
29.0,KARNATAKA,MALTO ,6.0
29.0,KARNATAKA,MAO,49.0
29.0,KARNATAKA,MARAM,6.0
29.0,KARNATAKA,MARING ,8.0
29.0,KARNATAKA,MIRI/MISHING,8.0
29.0,KARNATAKA,MISHMI ,2.0
29.0,KARNATAKA,MOGH ,33.0
29.0,KARNATAKA,MONPA ,767.0
29.0,KARNATAKA,MUNDA,176.0
29.0,KARNATAKA,MUNDARI ,67.0
29.0,KARNATAKA,NICOBARESE ,3.0
29.0,KARNATAKA,NISSI/DAFLA ,23.0
29.0,KARNATAKA,NOCTE ,2.0
29.0,KARNATAKA,PAITE,118.0
29.0,KARNATAKA,POCHURY,6.0
29.0,KARNATAKA,RABHA ,2.0
29.0,KARNATAKA,RENGMA ,5.0
29.0,KARNATAKA,SANGTAM ,1.0
29.0,KARNATAKA,SAVARA,62.0
29.0,KARNATAKA,SEMA,57.0
29.0,KARNATAKA,SHERPA ,8.0
29.0,KARNATAKA,SHINA,1.0
29.0,KARNATAKA,TAMANG ,5.0
29.0,KARNATAKA,TANGKHUL ,209.0
29.0,KARNATAKA,TANGSA,39.0
29.0,KARNATAKA,THADO ,133.0
29.0,KARNATAKA,TIBETAN ,27544.0
29.0,KARNATAKA,TRIPURI ,114.0
29.0,KARNATAKA,TULU ,1595038.0
29.0,KARNATAKA,VAIPHEI ,38.0
29.0,KARNATAKA,WANCHO,1.0
29.0,KARNATAKA,YIMCHUNGRE,4.0
29.0,KARNATAKA,ZEMI ,7.0
29.0,KARNATAKA,ZOU ,20.0
29.0,KARNATAKA,OTHERS,386552.0
30.0,GOA,ASSAMESE,1107.0
30.0,GOA,BENGALI ,7099.0
30.0,GOA,BODO ,62.0
30.0,GOA,DOGRI ,105.0
30.0,GOA,GUJARATI,6846.0
30.0,GOA,HINDI ,150017.0
30.0,GOA,KANNADA,67923.0
30.0,GOA,KASHMIRI ,372.0
30.0,GOA,KONKANI,964305.0
30.0,GOA,MAITHILI ,289.0
30.0,GOA,MALAYALAM,12983.0
30.0,GOA,MANIPURI ,367.0
30.0,GOA,MARATHI ,158787.0
30.0,GOA,NEPALI ,2600.0
30.0,GOA,ODIA ,5558.0
30.0,GOA,PUNJABI ,1959.0
30.0,GOA,SANSKRIT ,1055.0
30.0,GOA,SANTALI ,103.0
30.0,GOA,SINDHI,656.0
30.0,GOA,TAMIL ,6947.0
30.0,GOA,TELUGU ,11116.0
30.0,GOA,URDU,41242.0
30.0,GOA,ADI ,10.0
30.0,GOA,AFGHANI/KABULI/PASHTO ,14.0
30.0,GOA,ANAL ,4.0
30.0,GOA,ANGAMI ,22.0
30.0,GOA,AO ,5.0
30.0,GOA,ARABIC/ARBI ,73.0
30.0,GOA,BHILI/BHILODI ,2665.0
30.0,GOA,BHOTIA ,2.0
30.0,GOA,CHAKHESANG ,2.0
30.0,GOA,CHANG ,1.0
30.0,GOA,COORGI/KODAGU ,57.0
30.0,GOA,DIMASA ,2.0
30.0,GOA,ENGLISH ,9765.0
30.0,GOA,GARO ,13.0
30.0,GOA,GONDI,234.0
30.0,GOA,HALABI,26.0
30.0,GOA,HMAR,2.0
30.0,GOA,KABUI ,2.0
30.0,GOA,KARBI/MIKIR ,1.0
30.0,GOA,KHANDESHI,9.0
30.0,GOA,KHARIA ,76.0
30.0,GOA,KHASI ,16.0
30.0,GOA,KHEZHA ,1.0
30.0,GOA,KINNAURI ,2.0
30.0,GOA,KOCH ,1.0
30.0,GOA,KOLAMI ,160.0
30.0,GOA,KOM,111.0
30.0,GOA,KONDA,9.0
30.0,GOA,KORKU ,362.0
30.0,GOA,KORWA ,5.0
30.0,GOA,KUI ,1.0
30.0,GOA,KUKI,1.0
30.0,GOA,KURUKH/ORAON ,213.0
30.0,GOA,LADAKHI ,4.0
30.0,GOA,LAHNDA ,85.0
30.0,GOA,LEPCHA ,1.0
30.0,GOA,LIANGMEI ,1.0
30.0,GOA,LIMBU ,1.0
30.0,GOA,LOTHA ,2.0
30.0,GOA,LUSHAI/MIZO ,35.0
30.0,GOA,MALTO ,5.0
30.0,GOA,MAO,3.0
30.0,GOA,MIRI/MISHING,3.0
30.0,GOA,MISHMI ,1.0
30.0,GOA,MUNDA,71.0
30.0,GOA,MUNDARI ,71.0
30.0,GOA,NISSI/DAFLA ,2.0
30.0,GOA,PAITE,1.0
30.0,GOA,PARJI ,1.0
30.0,GOA,RENGMA ,1.0
30.0,GOA,SANGTAM ,1.0
30.0,GOA,SAVARA,8.0
30.0,GOA,SEMA,4.0
30.0,GOA,SHERPA ,1.0
30.0,GOA,TAMANG ,2.0
30.0,GOA,TANGKHUL ,14.0
30.0,GOA,TANGSA,4.0
30.0,GOA,TIBETAN ,53.0
30.0,GOA,TRIPURI ,1.0
30.0,GOA,TULU ,929.0
30.0,GOA,YIMCHUNGRE,1.0
30.0,GOA,ZELIANG ,1.0
30.0,GOA,OTHERS,1873.0
31.0,LAKSHADWEEP,ASSAMESE,1.0
31.0,LAKSHADWEEP,BENGALI ,140.0
31.0,LAKSHADWEEP,BODO ,5.0
31.0,LAKSHADWEEP,GUJARATI,24.0
31.0,LAKSHADWEEP,HINDI ,160.0
31.0,LAKSHADWEEP,KANNADA,37.0
31.0,LAKSHADWEEP,KONKANI,1.0
31.0,LAKSHADWEEP,MALAYALAM,54264.0
31.0,LAKSHADWEEP,MARATHI ,26.0
31.0,LAKSHADWEEP,NEPALI ,4.0
31.0,LAKSHADWEEP,ODIA ,40.0
31.0,LAKSHADWEEP,PUNJABI ,4.0
31.0,LAKSHADWEEP,SINDHI,7.0
31.0,LAKSHADWEEP,TAMIL ,364.0
31.0,LAKSHADWEEP,TELUGU ,42.0
31.0,LAKSHADWEEP,URDU,32.0
31.0,LAKSHADWEEP,ADI ,2.0
31.0,LAKSHADWEEP,AFGHANI/KABULI/PASHTO ,3.0
31.0,LAKSHADWEEP,ENGLISH ,1.0
31.0,LAKSHADWEEP,SAVARA,3.0
31.0,LAKSHADWEEP,TULU ,2.0
31.0,LAKSHADWEEP,OTHERS,9311.0
32.0,KERALA,ASSAMESE,5796.0
32.0,KERALA,BENGALI ,29061.0
32.0,KERALA,BODO ,47.0
32.0,KERALA,DOGRI ,225.0
32.0,KERALA,GUJARATI,4710.0
32.0,KERALA,HINDI ,51928.0
32.0,KERALA,KANNADA,86995.0
32.0,KERALA,KASHMIRI ,651.0
32.0,KERALA,KONKANI,69449.0
32.0,KERALA,MAITHILI ,214.0
32.0,KERALA,MALAYALAM,32413213.0
32.0,KERALA,MANIPURI ,444.0
32.0,KERALA,MARATHI ,31642.0
32.0,KERALA,NEPALI ,3665.0
32.0,KERALA,ODIA ,10958.0
32.0,KERALA,PUNJABI ,1380.0
32.0,KERALA,SANSKRIT ,278.0
32.0,KERALA,SANTALI ,114.0
32.0,KERALA,SINDHI,1251.0
32.0,KERALA,TAMIL ,502516.0
32.0,KERALA,TELUGU ,35380.0
32.0,KERALA,URDU,13122.0
32.0,KERALA,ADI ,29.0
32.0,KERALA,AFGHANI/KABULI/PASHTO ,12.0
32.0,KERALA,ANAL ,1.0
32.0,KERALA,ANGAMI ,3.0
32.0,KERALA,AO ,5.0
32.0,KERALA,ARABIC/ARBI ,240.0
32.0,KERALA,BHILI/BHILODI ,3458.0
32.0,KERALA,BHOTIA ,5.0
32.0,KERALA,COORGI/KODAGU ,75.0
32.0,KERALA,ENGLISH ,4471.0
32.0,KERALA,GARO ,6.0
32.0,KERALA,GONDI,5.0
32.0,KERALA,HALABI,2.0
32.0,KERALA,HO,21.0
32.0,KERALA,KABUI ,5.0
32.0,KERALA,KARBI/MIKIR ,13.0
32.0,KERALA,KHANDESHI,1.0
32.0,KERALA,KHARIA ,10.0
32.0,KERALA,KHASI ,18.0
32.0,KERALA,KHOND/KONDH ,331.0
32.0,KERALA,KINNAURI ,1.0
32.0,KERALA,KISAN ,1.0
32.0,KERALA,KOM,12.0
32.0,KERALA,KORKU ,1.0
32.0,KERALA,KORWA ,7.0
32.0,KERALA,KUI ,16.0
32.0,KERALA,KUKI,17.0
32.0,KERALA,KURUKH/ORAON ,56.0
32.0,KERALA,LADAKHI ,16.0
32.0,KERALA,LAHAULI ,4.0
32.0,KERALA,LAKHER,6.0
32.0,KERALA,LIANGMEI ,3.0
32.0,KERALA,LOTHA ,1.0
32.0,KERALA,LUSHAI/MIZO ,21.0
32.0,KERALA,MALTO ,74.0
32.0,KERALA,MAO,2.0
32.0,KERALA,MARAM,6.0
32.0,KERALA,MUNDA,20.0
32.0,KERALA,MUNDARI ,25.0
32.0,KERALA,NISSI/DAFLA ,8.0
32.0,KERALA,PAITE,6.0
32.0,KERALA,RABHA ,14.0
32.0,KERALA,RAI ,1.0
32.0,KERALA,RENGMA ,2.0
32.0,KERALA,SAVARA,10.0
32.0,KERALA,SHINA,1.0
32.0,KERALA,TAMANG ,2.0
32.0,KERALA,TANGSA,20.0
32.0,KERALA,THADO ,7.0
32.0,KERALA,TIBETAN ,7.0
32.0,KERALA,TRIPURI ,13.0
32.0,KERALA,TULU ,124266.0
32.0,KERALA,VAIPHEI ,2.0
32.0,KERALA,WANCHO,1.0
32.0,KERALA,ZELIANG ,1.0
32.0,KERALA,ZEMI ,64.0
32.0,KERALA,OTHERS,9597.0
33.0,TAMIL NADU,ASSAMESE,2594.0
33.0,TAMIL NADU,BENGALI ,22969.0
33.0,TAMIL NADU,BODO ,67.0
33.0,TAMIL NADU,DOGRI ,934.0
33.0,TAMIL NADU,GUJARATI,275023.0
33.0,TAMIL NADU,HINDI ,393380.0
33.0,TAMIL NADU,KANNADA,1286175.0
33.0,TAMIL NADU,KASHMIRI ,453.0
33.0,TAMIL NADU,KONKANI,6098.0
33.0,TAMIL NADU,MAITHILI ,380.0
33.0,TAMIL NADU,MALAYALAM,726096.0
33.0,TAMIL NADU,MANIPURI ,928.0
33.0,TAMIL NADU,MARATHI ,85454.0
33.0,TAMIL NADU,NEPALI ,7575.0
33.0,TAMIL NADU,ODIA ,21381.0
33.0,TAMIL NADU,PUNJABI ,6565.0
33.0,TAMIL NADU,SANSKRIT ,803.0
33.0,TAMIL NADU,SANTALI ,156.0
33.0,TAMIL NADU,SINDHI,8448.0
33.0,TAMIL NADU,TAMIL ,63753997.0
33.0,TAMIL NADU,TELUGU ,4234302.0
33.0,TAMIL NADU,URDU,1264537.0
33.0,TAMIL NADU,ADI ,30.0
33.0,TAMIL NADU,AFGHANI/KABULI/PASHTO ,14.0
33.0,TAMIL NADU,ANAL ,1.0
33.0,TAMIL NADU,ANGAMI ,27.0
33.0,TAMIL NADU,AO ,6.0
33.0,TAMIL NADU,ARABIC/ARBI ,1119.0
33.0,TAMIL NADU,BHILI/BHILODI ,1405.0
33.0,TAMIL NADU,BHOTIA ,10.0
33.0,TAMIL NADU,BHUMIJ ,2.0
33.0,TAMIL NADU,CHAKRU/CHOKRI ,5.0
33.0,TAMIL NADU,COORGI/KODAGU ,179.0
33.0,TAMIL NADU,DIMASA ,51.0
33.0,TAMIL NADU,ENGLISH ,24495.0
33.0,TAMIL NADU,GADABA ,4.0
33.0,TAMIL NADU,GANGTE ,3.0
33.0,TAMIL NADU,GARO ,12.0
33.0,TAMIL NADU,GONDI,290.0
33.0,TAMIL NADU,HALAM ,5.0
33.0,TAMIL NADU,HMAR,5.0
33.0,TAMIL NADU,HO,12.0
33.0,TAMIL NADU,KABUI ,4.0
33.0,TAMIL NADU,KARBI/MIKIR ,2.0
33.0,TAMIL NADU,KHANDESHI,12.0
33.0,TAMIL NADU,KHARIA ,18.0
33.0,TAMIL NADU,KHASI ,114.0
33.0,TAMIL NADU,KHEZHA ,5.0
33.0,TAMIL NADU,KHOND/KONDH ,2.0
33.0,TAMIL NADU,KISAN ,3.0
33.0,TAMIL NADU,KOCH ,3.0
33.0,TAMIL NADU,KODA/KORA ,8.0
33.0,TAMIL NADU,KOM,6.0
33.0,TAMIL NADU,KONDA,10.0
33.0,TAMIL NADU,KORKU ,12.0
33.0,TAMIL NADU,KORWA ,11.0
33.0,TAMIL NADU,KUI ,4.0
33.0,TAMIL NADU,KUKI,32.0
33.0,TAMIL NADU,KURUKH/ORAON ,817.0
33.0,TAMIL NADU,LADAKHI ,15.0
33.0,TAMIL NADU,LAHAULI ,44.0
33.0,TAMIL NADU,LAHNDA ,18.0
33.0,TAMIL NADU,LAKHER,22.0
33.0,TAMIL NADU,LEPCHA ,16.0
33.0,TAMIL NADU,LIMBU ,1.0
33.0,TAMIL NADU,LOTHA ,10.0
33.0,TAMIL NADU,LUSHAI/MIZO ,120.0
33.0,TAMIL NADU,MALTO ,3.0
33.0,TAMIL NADU,MAO,9.0
33.0,TAMIL NADU,MARAM,1.0
33.0,TAMIL NADU,MARING ,2.0
33.0,TAMIL NADU,MISHMI ,3.0
33.0,TAMIL NADU,MOGH ,7.0
33.0,TAMIL NADU,MONPA ,24.0
33.0,TAMIL NADU,MUNDA,130.0
33.0,TAMIL NADU,MUNDARI ,39.0
33.0,TAMIL NADU,NICOBARESE ,124.0
33.0,TAMIL NADU,NISSI/DAFLA ,46.0
33.0,TAMIL NADU,PAITE,12.0
33.0,TAMIL NADU,PARJI ,5.0
33.0,TAMIL NADU,POCHURY,15.0
33.0,TAMIL NADU,RABHA ,1.0
33.0,TAMIL NADU,RENGMA ,2.0
33.0,TAMIL NADU,SANGTAM ,4.0
33.0,TAMIL NADU,SAVARA,57.0
33.0,TAMIL NADU,SEMA,34.0
33.0,TAMIL NADU,TANGKHUL ,17.0
33.0,TAMIL NADU,TANGSA,1.0
33.0,TAMIL NADU,THADO ,69.0
33.0,TAMIL NADU,TIBETAN ,249.0
33.0,TAMIL NADU,TRIPURI ,23.0
33.0,TAMIL NADU,TULU ,2636.0
33.0,TAMIL NADU,VAIPHEI ,7.0
33.0,TAMIL NADU,YIMCHUNGRE,1.0
33.0,TAMIL NADU,ZELIANG ,4.0
33.0,TAMIL NADU,ZEMI ,11.0
33.0,TAMIL NADU,OTHERS,16195.0
34.0,PUDUCHERRY,ASSAMESE,90.0
34.0,PUDUCHERRY,BENGALI ,1509.0
34.0,PUDUCHERRY,BODO ,4.0
34.0,PUDUCHERRY,DOGRI ,8.0
34.0,PUDUCHERRY,GUJARATI,1428.0
34.0,PUDUCHERRY,HINDI ,6403.0
34.0,PUDUCHERRY,KANNADA,1870.0
34.0,PUDUCHERRY,KASHMIRI ,30.0
34.0,PUDUCHERRY,KONKANI,101.0
34.0,PUDUCHERRY,MAITHILI ,14.0
34.0,PUDUCHERRY,MALAYALAM,47973.0
34.0,PUDUCHERRY,MANIPURI ,21.0
34.0,PUDUCHERRY,MARATHI ,890.0
34.0,PUDUCHERRY,NEPALI ,431.0
34.0,PUDUCHERRY,ODIA ,1910.0
34.0,PUDUCHERRY,PUNJABI ,121.0
34.0,PUDUCHERRY,SANSKRIT ,7.0
34.0,PUDUCHERRY,SINDHI,94.0
34.0,PUDUCHERRY,TAMIL ,1100976.0
34.0,PUDUCHERRY,TELUGU ,74347.0
34.0,PUDUCHERRY,URDU,8627.0
34.0,PUDUCHERRY,ADI ,5.0
34.0,PUDUCHERRY,ARABIC/ARBI ,49.0
34.0,PUDUCHERRY,BHOTIA ,4.0
34.0,PUDUCHERRY,COORGI/KODAGU ,4.0
34.0,PUDUCHERRY,ENGLISH ,518.0
34.0,PUDUCHERRY,KHASI ,6.0
34.0,PUDUCHERRY,KONYAK ,1.0
34.0,PUDUCHERRY,KUKI,5.0
34.0,PUDUCHERRY,KURUKH/ORAON ,12.0
34.0,PUDUCHERRY,LAHNDA ,1.0
34.0,PUDUCHERRY,LUSHAI/MIZO ,2.0
34.0,PUDUCHERRY,MARAM,2.0
34.0,PUDUCHERRY,MUNDA,16.0
34.0,PUDUCHERRY,MUNDARI ,3.0
34.0,PUDUCHERRY,NISSI/DAFLA ,4.0
34.0,PUDUCHERRY,SAVARA,8.0
34.0,PUDUCHERRY,TIBETAN ,10.0
34.0,PUDUCHERRY,TULU ,33.0
34.0,PUDUCHERRY,OTHERS,416.0
35.0,ANDAMAN & NICOBAR ISLANDS,ASSAMESE,115.0
35.0,ANDAMAN & NICOBAR ISLANDS,BENGALI ,108432.0
35.0,ANDAMAN & NICOBAR ISLANDS,BODO ,5.0
35.0,ANDAMAN & NICOBAR ISLANDS,DOGRI ,67.0
35.0,ANDAMAN & NICOBAR ISLANDS,GUJARATI,241.0
35.0,ANDAMAN & NICOBAR ISLANDS,HINDI ,73424.0
35.0,ANDAMAN & NICOBAR ISLANDS,KANNADA,239.0
35.0,ANDAMAN & NICOBAR ISLANDS,KASHMIRI ,34.0
35.0,ANDAMAN & NICOBAR ISLANDS,KONKANI,99.0
35.0,ANDAMAN & NICOBAR ISLANDS,MAITHILI ,134.0
35.0,ANDAMAN & NICOBAR ISLANDS,MALAYALAM,27475.0
35.0,ANDAMAN & NICOBAR ISLANDS,MANIPURI ,43.0
35.0,ANDAMAN & NICOBAR ISLANDS,MARATHI ,639.0
35.0,ANDAMAN & NICOBAR ISLANDS,NEPALI ,949.0
35.0,ANDAMAN & NICOBAR ISLANDS,ODIA ,1106.0
35.0,ANDAMAN & NICOBAR ISLANDS,PUNJABI ,1565.0
35.0,ANDAMAN & NICOBAR ISLANDS,SANSKRIT ,1.0
35.0,ANDAMAN & NICOBAR ISLANDS,SANTALI ,307.0
35.0,ANDAMAN & NICOBAR ISLANDS,SINDHI,14.0
35.0,ANDAMAN & NICOBAR ISLANDS,TAMIL ,57830.0
35.0,ANDAMAN & NICOBAR ISLANDS,TELUGU ,50404.0
35.0,ANDAMAN & NICOBAR ISLANDS,URDU,1277.0
35.0,ANDAMAN & NICOBAR ISLANDS,ANGAMI ,1.0
35.0,ANDAMAN & NICOBAR ISLANDS,ARABIC/ARBI ,4.0
35.0,ANDAMAN & NICOBAR ISLANDS,BHILI/BHILODI ,3.0
35.0,ANDAMAN & NICOBAR ISLANDS,BHOTIA ,1.0
35.0,ANDAMAN & NICOBAR ISLANDS,BHUMIJ ,378.0
35.0,ANDAMAN & NICOBAR ISLANDS,CHAKRU/CHOKRI ,5.0
35.0,ANDAMAN & NICOBAR ISLANDS,COORGI/KODAGU ,26.0
35.0,ANDAMAN & NICOBAR ISLANDS,DIMASA ,2.0
35.0,ANDAMAN & NICOBAR ISLANDS,ENGLISH ,69.0
35.0,ANDAMAN & NICOBAR ISLANDS,GARO ,1.0
35.0,ANDAMAN & NICOBAR ISLANDS,GONDI,4.0
35.0,ANDAMAN & NICOBAR ISLANDS,HO,3.0
35.0,ANDAMAN & NICOBAR ISLANDS,KARBI/MIKIR ,1.0
35.0,ANDAMAN & NICOBAR ISLANDS,KHARIA ,4069.0
35.0,ANDAMAN & NICOBAR ISLANDS,KHASI ,10.0
35.0,ANDAMAN & NICOBAR ISLANDS,KHOND/KONDH ,1.0
35.0,ANDAMAN & NICOBAR ISLANDS,KISAN ,1.0
35.0,ANDAMAN & NICOBAR ISLANDS,KORKU ,1.0
35.0,ANDAMAN & NICOBAR ISLANDS,KUKI,5.0
35.0,ANDAMAN & NICOBAR ISLANDS,KURUKH/ORAON ,15064.0
35.0,ANDAMAN & NICOBAR ISLANDS,LAKHER,1.0
35.0,ANDAMAN & NICOBAR ISLANDS,LEPCHA ,1.0
35.0,ANDAMAN & NICOBAR ISLANDS,LOTHA ,6.0
35.0,ANDAMAN & NICOBAR ISLANDS,LUSHAI/MIZO ,11.0
35.0,ANDAMAN & NICOBAR ISLANDS,MAO,2.0
35.0,ANDAMAN & NICOBAR ISLANDS,MARING ,1.0
35.0,ANDAMAN & NICOBAR ISLANDS,MUNDA,3797.0
35.0,ANDAMAN & NICOBAR ISLANDS,MUNDARI ,833.0
35.0,ANDAMAN & NICOBAR ISLANDS,NICOBARESE ,28912.0
35.0,ANDAMAN & NICOBAR ISLANDS,PAITE,1.0
35.0,ANDAMAN & NICOBAR ISLANDS,PHOM ,2.0
35.0,ANDAMAN & NICOBAR ISLANDS,RAI ,1.0
35.0,ANDAMAN & NICOBAR ISLANDS,SAVARA,9.0
35.0,ANDAMAN & NICOBAR ISLANDS,THADO ,4.0
35.0,ANDAMAN & NICOBAR ISLANDS,TIBETAN ,1.0
35.0,ANDAMAN & NICOBAR ISLANDS,TRIPURI ,26.0
35.0,ANDAMAN & NICOBAR ISLANDS,VAIPHEI ,5.0
35.0,ANDAMAN & NICOBAR ISLANDS,ZEMI ,2.0
35.0,ANDAMAN & NICOBAR ISLANDS,ZOU ,2.0
35.0,ANDAMAN & NICOBAR ISLANDS,OTHERS,2915.0
